Ýlçe, Mahalle, Net Metrekare, Oda Sayýsý, Bulunduðu Kat, Isýtma Tipi, Eþya Durumu, Konut Tipi, Brüt Metrekare, Bina Yaþý, Binanýn Kat Sayýsý, Site Ýçerisinde, Fiyat
Esenyurt , Mevlana Mahallesi,100,2+1,4,Kombi Doðalgaz,Eþyalý,Daire,110,10,5,Hayýr,15000
Esenyurt , Güzelyurt Mahallesi,65,1+1,0,Kombi Doðalgaz,Eþyalý,Daire,75,10,4,Hayýr,11500
Esenyurt , Talatpaþa Mahallesi,90,2+1,0,Kombi Doðalgaz,Eþyalý,Daire,100,10,6,Hayýr,10000
Esenyurt , Cumhuriyet Mahallesi,70,1+1,13,Kombi Doðalgaz,Eþyalý,Daire,90,10,15,Hayýr,13000
Esenyurt , Talatpaþa Mahallesi,110,2+1,1,Kombi Doðalgaz,Eþyalý,Daire,120,10,4,Hayýr,12000
Esenyurt , Talatpaþa Mahallesi,50,Stüdyo,3,Kombi Doðalgaz,Eþyalý,Residence,55,10,11,Hayýr,7000
Esenyurt , Güzelyurt Mahallesi,75,2+1,0,Kombi Doðalgaz,Eþyalý,Hayýr,Daire,85,10,4,12000
Esenyurt , Piri Reis Mahallesi,65,1+1,8,Merkezi (Pay Ölçer),Eþyalý,Hayýr,Daire,70,4,9,11500
Esenyurt , Koza Mahallesi,47,1+1,7,Kombi Doðalgaz,Eþyalý,Daire,67,10,11,Hayýr,8000
Esenyurt , Mehterçeþme Mahallesi,90,2+1,4,Kombi Doðalgaz,Eþyalý,Daire,95,2,4,Hayýr,12500
Esenyurt , Akevler Mahallesi,80,2+1,7,Merkezi Doðalgaz,Hayýr,Daire,90,10,15,Eþyalý,17000
Esenyurt , Yeþilkent Mahallesi,55,1+1,6,Kombi Doðalgaz,Eþyalý,Daire,76,0,22,Hayýr,13000
Esenyurt , Yeþilkent Mahallesi,85,2+1,0,Kombi Doðalgaz,Hayýr,Daire,90,10,4,Eþyalý,10000
Esenyurt , Turgut Özal Mahallesi,80,1+1,4,Kombi Doðalgaz,Eþyalý,Daire,95,4,4,Hayýr,15000
Esenyurt , Mehterçeþme Mahallesi,70,2+1,0,Kombi Doðalgaz,Eþyalý,Daire,85,10,3,Hayýr,15000
Esenyurt , Akçaburgaz Mahallesi,85,2+1,5,Kombi Doðalgaz,Eþyalý,Daire,100,15,5,Hayýr,13500
Esenyurt , Turgut Özal Mahallesi,80,2+1,0,Kombi Doðalgaz,Eþyalý,Daire,90,10,3,Hayýr,15000
Esenyurt , Zafer Mahallesi,70,1+1,0,Merkezi (Pay Ölçer),Eþyalý,Daire,90,10,10,Hayýr,12000
Esenyurt , Mehmet Akif Ersoy Mahallesi,135,3+1,4,Kombi Doðalgaz,Daire,150,10,7,Eþyalý,Hayýr,17000
Esenyurt , Piri Reis Mahallesi,60,15+1,1,Merkezi Doðalgaz,Eþyalý,Residence,70,10,11,Hayýr,15000
Esenyurt , Piri Reis Mahallesi,120,3+1,3,Kombi Doðalgaz,Eþyalý,Daire,135,10,9,Hayýr,14000
Esenyurt , Ýnönü Mahallesi,130,3+1,4,Kombi Doðalgaz,Eþyalý,Daire,140,2,5,Hayýr,10000
Esenyurt , Zafer Mahallesi,50,Stüdyo,1,Merkezi Doðalgaz,Eþyalý,Daire,65,10,5,Hayýr,7500
Esenyurt , Ýstiklal Mahallesi,70,1+1,0,Kombi Doðalgaz,Eþyalý,Daire,75,10,4,Hayýr,9000
Esenyurt , Örnek Mahallesi,8,2+1,1,Doðalgaz Sobalý,Eþyalý,Daire,70,10,5,Hayýr,13000
Esenyurt , Fatih Mahallesi,90,2+1,5,Kombi Doðalgaz,Eþyalý,Daire,95,10,5,Hayýr,17500
Esenyurt , Ýnönü Mahallesi,50,Stüdyo,4,Merkezi Doðalgaz,Eþyalý,Daire,60,10,13,Hayýr,9500
Esenyurt , Pýnar Mahallesi,125,3+1,1,Kombi Doðalgaz,Eþyalý,Daire,130,0,6,Hayýr,12500
Esenyurt , Baðlarçeþme Mahallesi,65,1+1,4,Kombi Doðalgaz,Eþyalý,Daire,85,10,6,Hayýr,8500
Esenyurt , Akevler Mahallesi,128,5+2,29,Kombi Doðalgaz,Eþyalý,Daire,138,10,30,Hayýr,27000
Esenyurt , Örnek Mahallesi,90,2+1,0,Kombi Doðalgaz,Eþyalý,Daire,95,10,4,Hayýr,9000
Esenyurt , Battalgazi Mahallesi,70,1+1,Bodrum Kat,Kombi Doðalgaz,Eþyalý,Daire,80,10,5,Hayýr,7500
Esenyurt , Mehterçeþme Mahallesi,85,2+1,5,Kombi Doðalgaz,Boþ,Daire,90,4,5,Hayýr,10000
Esenyurt , Hürriyet Mahallesi,100,2+1,4,Güneþ Enerjisi,Boþ,Daire,110,4,5,Hayýr,10000
Esenyurt , Cumhuriyet Mahallesi,50,1+1,2,Merkezi (Pay Ölçer),Boþ,Daire,57,10,24,Hayýr,9500
Esenyurt , Talatpaþa Mahallesi,90,2+1,0,Kombi Doðalgaz,Boþ,Daire,100,10,5,Hayýr,8000
Esenyurt , Mehmet Akif Ersoy Mahallesi,90,2+1,4,Kombi Doðalgaz,Boþ,Hayýr,Daire,95,10,6,11500
Esenyurt , Pýnar Mahallesi,125,3+1,3,Kombi Doðalgaz,Boþ,Daire,138,10,5,Hayýr,17000
Esenyurt , Sultaniye Mahallesi,120,3+1,2,Kombi Doðalgaz,Boþ,Daire,130,10,3,Hayýr,12000
Esenyurt , Talatpaþa Mahallesi,100,2+1,0,Merkezi (Pay Ölçer),Boþ,Daire,120,10,4,Hayýr,11000
Esenyurt , Pýnar Mahallesi,85,2+1,0,Kombi Doðalgaz,Hayýr,Daire,95,4,6,Boþ,9000
Esenyurt , Balýkyolu Mahallesi,90,2+1,1,Kombi Doðalgaz,Hayýr,Daire,100,4,6,Boþ,10000
Esenyurt , Mehterçeþme Mahallesi,85,2+1,3,Kombi Doðalgaz,Boþ,Hayýr,Daire,90,10,5,11500
Esenyurt , Necip Fazýl Kýsakürek Mahallesi,95,2+1,0,Kombi Doðalgaz,Boþ,Daire,100,3,5,Hayýr,10000
Esenyurt , Üçevler Mahallesi,100,2+1,2,Kombi Doðalgaz,Hayýr,Daire,110,0,6,Boþ,12000
Esenyurt , Sultaniye Mahallesi,95,2+1,3,Kombi Doðalgaz,Boþ,Daire,100,25,3,Hayýr,10000
Esenyurt , Yenikent Mahallesi,90,2+1,2,Kombi Doðalgaz,Boþ,Daire,95,10,5,Hayýr,14000
Esenyurt , Talatpaþa Mahallesi,80,2+1,0,Kombi Doðalgaz,Boþ,Daire,100,10,6,Hayýr,9000
Esenyurt , Üçevler Mahallesi,120,3+1,3,Kombi Doðalgaz,Boþ,Daire,125,20,3,Hayýr,12000
Esenyurt , Talatpaþa Mahallesi,90,2+1,0,Kombi Doðalgaz,Boþ,Daire,130,10,4,Hayýr,13500
Esenyurt , Saadetdere Mahallesi,95,2+1,0,Kombi Doðalgaz,Boþ,Daire,110,10,5,Hayýr,12000
Esenyurt , Yeþilkent Mahallesi,85,2+1,5,Kombi Doðalgaz,Boþ,Daire,90,4,6,Hayýr,12000
Esenyurt , Yunus Emre Mahallesi,70,2+1,2,Kombi Doðalgaz,Boþ,Daire,75,4,4,Hayýr,8000
Esenyurt , Barbaros Hayrettin Paþa Mahallesi,35,Stüdyo,5,Merkezi (Pay Ölçer),Boþ,Daire,45,10,10,Hayýr,7500
Esenyurt , Selahaddin Eyyubi Mahallesi,125,3+1,2,Kombi Doðalgaz,Boþ,Hayýr,Daire,130,10,4,12000
Esenyurt , Balýkyolu Mahallesi,100,2+1,1,Kombi Doðalgaz,Boþ,Hayýr,Daire,110,10,6,13000
Esenyurt , Mehterçeþme Mahallesi,80,2+1,4,Kombi Doðalgaz,Boþ,Daire,85,10,4,Hayýr,11000
Esenyurt , Mehmet Akif Ersoy Mahallesi,100,2+1,1,Kombi Doðalgaz,Boþ,Daire,110,10,5,Hayýr,14000
Esenyurt , Mehterçeþme Mahallesi,90,2+1,1,Kombi Doðalgaz,Boþ,Daire,105,10,5,Hayýr,10000
Esenyurt , Güzelyurt Mahallesi,110,2+1,3,Kombi Doðalgaz,Boþ,Daire,120,10,6,Hayýr,14000
Esenyurt , Güzelyurt Mahallesi,120,3+1,1,Kombi Doðalgaz,Boþ,Daire,125,4,6,Hayýr,16000
Esenyurt , Güzelyurt Mahallesi,95,2+1,0,Kombi Doðalgaz,Boþ,Daire,100,4,6,Hayýr,10000
Esenyurt , Mehmet Akif Ersoy Mahallesi,100,2+1,0,Kombi Doðalgaz,Boþ,Daire,105,4,4,Hayýr,12000
Esenyurt , Yunus Emre Mahallesi,100,2+1,2,Kombi Doðalgaz,Boþ,Daire,110,2,4,Hayýr,14000
Esenyurt , Saadetdere Mahallesi,90,2+1,0,Kombi Doðalgaz,Boþ,Daire,100,10,5,Hayýr,11000
Esenyurt , Üçevler Mahallesi,95,2+1,2,Kombi Doðalgaz,Boþ,Daire,100,0,6,Hayýr,10000
Esenyurt , Yeþilkent Mahallesi,110,2+1,5,Kombi Doðalgaz,Boþ,Daire,115,0,24,Hayýr,12000
Esenyurt , Yeþilkent Mahallesi,85,1+1,5,Kombi Doðalgaz,Boþ,Daire,90,0,24,Hayýr,8000
Esenyurt , Mehterçeþme Mahallesi,70,1+1,0,Kombi Doðalgaz,Boþ,Daire,75,0,5,Hayýr,10000
Esenyurt , Þehier Mahallesi,85,2+1,0,Kombi Doðalgaz,Boþ,Hayýr,Daire,90,10,5,8000
Esenyurt , Balýkyolu Mahallesi,80,2+1,0,Kombi Fueloil,Boþ,Hayýr,Daire,100,10,5,10000
Esenyurt , Hürriyet Mahallesi,85,2+1,0,Kombi Doðalgaz,Boþ,Daire,95,10,5,Hayýr,9500
Esenyurt , Akþemseddin Mahallesi,90,2+1,1,Doðalgaz Sobalý,Boþ,Daire,100,15,1,Hayýr,12500
Esenyurt , Namýk Kemal Mahallesi,112,2+1,4,Kombi Doðalgaz,Boþ,Daire,121,25,5,Hayýr,11500
Esenyurt , Mehterçeþme Mahallesi,80,2+1,0,Kombi Doðalgaz,Boþ,Daire,90,10,4,Hayýr,7000
Esenyurt , Orhan Gazi Mahallesi,85,2+1,Bodrum Kat,Kombi Doðalgaz,Boþ,Daire,100,10,5,Hayýr,8500
Esenyurt , Ýncirtepe Mahallesi,80,2+1,1,Kombi Doðalgaz,Boþ,Daire,90,4,4,Hayýr,12000
Esenyurt , Zafer Mahallesi,70,1+1,10,Merkezi Doðalgaz,Boþ,Daire,95,10,20,Hayýr,9500
Esenyurt , Mehmet Akif Ersoy Mahallesi,60,2+1,0,Kombi Doðalgaz,Boþ,Daire,75,10,5,Hayýr,12000
Esenyurt , Ýncirtepe Mahallesi,129,3+1,3,Merkezi Doðalgaz,Boþ,Daire,130,10,5,Hayýr,16000
Esenyurt , Saadetdere Mahallesi,90,2+1,0,Kombi Doðalgaz,Hayýr,Daire,100,10,5,Boþ,12000
Esenyurt , Üçevler Mahallesi,90,2+1,0,Kombi Doðalgaz,Boþ,Daire,100,4,5,Hayýr,10000
Esenyurt , Üçevler Mahallesi,85,2+1,0,Kombi Doðalgaz,Boþ,Daire,90,0,4,Hayýr,7500
Esenyurt , Güzelyurt Mahallesi,120,3+1,0,Kombi Doðalgaz,Boþ,Daire,130,15,4,Hayýr,10000
Esenyurt , Zafer Mahallesi,95,2+1,3,Sobalý,Boþ,Daire,110,15,5,Hayýr,10000
Esenyurt , Yeþilkent Mahallesi,115,3+1,0,Kombi Doðalgaz,Boþ,Daire,125,3,4,Hayýr,13000
Esenyurt , Saadetdere Mahallesi,65,2+1,2,Kombi Doðalgaz,Hayýr,Daire,70,10,4,Boþ,10900
Esenyurt , Ýncirtepe Mahallesi,85,2+1,5,Kombi Doðalgaz,Boþ,Daire,100,15,5,Hayýr,12500
Esenyurt , Barbaros Hayrettin Paþa Mahallesi,53,Stüdyo,8,Merkezi (Pay Ölçer),Boþ,Daire,60,10,12,Hayýr,12000
Esenyurt , Mehmet Akif Ersoy Mahallesi,90,2+1,7,Kombi Doðalgaz,Eþyalý,Daire,100,4,15,Evet,17500
Esenyurt , Mehmet Akif Ersoy Mahallesi,90,2+1,8,Kombi Doðalgaz,Eþyalý,Daire,100,4,15,Evet,16500
Esenyurt , Yeþilkent Mahallesi,51,1+1,0,Merkezi (Pay Ölçer),Eþyalý,Daire,55,10,23,Evet,12000
Esenyurt , Zafer Mahallesi,50,1+1,1,Merkezi (Pay Ölçer),Eþyalý,Daire,70,10,10,Evet,12500
Esenyurt , Zafer Mahallesi,51,1+1,16,Merkezi (Pay Ölçer),Eþyalý,Residence,71,1,23,Evet,17500
Esenyurt , Yeþilkent Mahallesi,65,1+1,12,Kombi Doðalgaz,Eþyalý,Daire,80,4,15,Evet,13500
Esenyurt , Barbaros Hayrettin Paþa Mahallesi,42,Stüdyo,13,Merkezi (Pay Ölçer),Eþyalý,Evet,Residence,74,15,15,13000
Esenyurt , Piri Reis Mahallesi,98,2+1,5,Merkezi Doðalgaz,Eþyalý,Daire,127,10,14,Evet,20000
Esenyurt , Cumhuriyet Mahallesi,90,1+1,6,Merkezi (Pay Ölçer),Eþyalý,Daire,105,10,14,Evet,25000
Esenyurt , Zafer Mahallesi,95,2+1,2,Merkezi (Pay Ölçer),Eþyalý,Daire,116,3,25,Evet,20000
Esenyurt , Mehmet Akif Ersoy Mahallesi,90,2+1,7,Kombi Doðalgaz,Eþyalý,Daire,100,4,15,Evet,17000
Esenyurt , Cumhuriyet Mahallesi,70,1+1,8,Merkezi (Pay Ölçer),Eþyalý,Daire,90,15,14,Evet,14000
Esenyurt , Mehmet Akif Ersoy Mahallesi,90,2+1,7,Kombi Doðalgaz,Eþyalý,Daire,100,4,15,Evet,17000
Esenyurt , Yeþilkent Mahallesi,64,1+1,6,Merkezi (Pay Ölçer),Eþyalý,Evet,Daire,66,10,23,11000
Esenyurt , Piri Reis Mahallesi,135,3+1,11,Kombi Doðalgaz,Eþyalý,Evet,Daire,145,25,12,20000
Esenyurt , Yeþilkent Mahallesi,115,2+1,9,Kombi Doðalgaz,Eþyalý,Daire,125,15,22,Evet,14000
Esenyurt , Yeþilkent Mahallesi,45,1+1,10,Merkezi (Pay Ölçer),Eþyalý,Daire,51,10,27,Evet,12500
Esenyurt , Barbaros Hayrettin Paþa Mahallesi,100,1+1,5,Merkezi (Pay Ölçer),Eþyalý,Evet,Residence,120,10,14,17000
Esenyurt , Piri Reis Mahallesi,96,1+1,5,Merkezi (Pay Ölçer),Eþyalý,Daire,115,10,14,Evet,14000
Esenyurt , Piri Reis Mahallesi,96,1+1,5,Merkezi (Pay Ölçer),Eþyalý,Daire,115,10,14,Evet,14000
Esenyurt , Piri Reis Mahallesi,61,1+1,5,Merkezi (Pay Ölçer),Eþyalý,Evet,Residence,105,15,15,18000
Esenyurt , Piri Reis Mahallesi,60,1+1,4,Kombi Doðalgaz,Eþyalý,Daire,75,10,15,Evet,12000
Esenyurt , Piri Reis Mahallesi,70,1+1,3,Merkezi (Pay Ölçer),Eþyalý,Daire,75,10,8,Evet,11000
Esenyurt , Cumhuriyet Mahallesi,50,1+1,3,Merkezi (Pay Ölçer),Eþyalý,Daire,65,4,10,Evet,11000
Esenyurt , Güzelyurt Mahallesi,30,Stüdyo,19,Kombi Doðalgaz,Eþyalý,Daire,50,10,24,Evet,7500
Esenyurt , Koza Mahallesi,70,1+1,16,Merkezi (Pay Ölçer),Eþyalý,Daire,85,4,30,Evet,15000
Esenyurt , Akevler Mahallesi,135,3+1,8,Kombi Doðalgaz,Eþyalý,Daire,145,10,30,Evet,23000
Esenyurt , Koza Mahallesi,70,2+1,10,Merkezi (Pay Ölçer),Eþyalý,Daire,87,10,12,Evet,15000
Esenyurt , Zafer Mahallesi,65,1+1,24,Merkezi (Pay Ölçer),Eþyalý,Residence,80,10,30,Evet,14000
Esenyurt , Zafer Mahallesi,45,1+1,1,Merkezi (Pay Ölçer),Eþyalý,Daire,65,3,9,Evet,15000
Esenyurt , Gökevler Mahallesi,70,1+1,5,Kombi Doðalgaz,Eþyalý,Evet,Residence,75,10,10,15000
Esenyurt , Güzelyurt Mahallesi,120,2+1,8,Kombi Doðalgaz,Evet,Daire,140,10,15,Eþyalý,18000
Esenyurt , Barbaros Hayrettin Paþa Mahallesi,150,2+1,9,Kombi Doðalgaz,Eþyalý,Daire,170,10,20,Evet,30000
Esenyurt , Piri Reis Mahallesi,55,1+1,8,Kombi Doðalgaz,Eþyalý,Daire,65,10,15,Evet,10000
Esenyurt , Barbaros Hayrettin Paþa Mahallesi,65,1+1,17,Klimalý,Eþyalý,Residence,85,3,31,Evet,20000
Esenyurt , Yeþilkent Mahallesi,51,1+1,12,Merkezi (Pay Ölçer),Eþyalý,Daire,56,10,27,Evet,11000
Esenyurt , Cumhuriyet Mahallesi,100,2+1,13,Merkezi (Pay Ölçer),Eþyalý,Daire,115,15,18,Evet,24000
Esenyurt , Piri Reis Mahallesi,58,1+1,8,Merkezi (Pay Ölçer),Eþyalý,Daire,65,10,10,Evet,11000
Esenyurt , Yeþilkent Mahallesi,33,Stüdyo,7,Merkezi (Pay Ölçer),Eþyalý,Daire,41,15,23,Evet,8750
Esenyurt , Zafer Mahallesi,110,2+1,9,Fancoil Ünitesi,Eþyalý,Residence,182,1,30,Evet,20000
Esenyurt , Akevler Mahallesi,45,1+1,13,Klimalý,Eþyalý,Daire,70,10,18,Evet,14000
Esenyurt , Yeþilkent Mahallesi,61,1+1,13,Merkezi (Pay Ölçer),Eþyalý,Daire,64,15,27,Evet,11000
Esenyurt , Yeþilkent Mahallesi,40,1+1,22,Merkezi (Pay Ölçer),Eþyalý,Daire,46,15,27,Evet,10000
Esenyurt , Gökevler Mahallesi,40,1+1,9,Kombi Doðalgaz,Evet,Daire,60,10,9,Eþyalý,15000
Esenyurt , Mehmet Akif Ersoy Mahallesi,80,2+1,5,Kombi Doðalgaz,Eþyalý,Evet,Daire,90,4,12,14000
Esenyurt , Mehmet Akif Ersoy Mahallesi,55,1+1,5,Kombi Doðalgaz,Daire,60,4,12,Eþyalý,Evet,12000
Esenyurt , Zafer Mahallesi,95,2+1,2,Merkezi (Pay Ölçer),Eþyalý,Daire,116,3,25,Evet,21000
Esenyurt , Yeþilkent Mahallesi,61,1+1,6,Merkezi (Pay Ölçer),Eþyalý,Daire,64,15,27,Evet,11500
Esenyurt , Barbaros Hayrettin Paþa Mahallesi,90,15+1,0,Kombi Doðalgaz,Eþyalý,Daire,105,10,12,Evet,11000
Esenyurt , Zafer Mahallesi,85,2+1,2,Merkezi (Pay Ölçer),Eþyalý,Daire,101,10,16,Evet,19000
Esenyurt , Zafer Mahallesi,155,3+1,5,Merkezi (Pay Ölçer),Eþyalý,Daire,174,10,15,Evet,28500
Esenyurt , Piri Reis Mahallesi,70,1+1,10,Merkezi (Pay Ölçer),Eþyalý,Evet,Daire,80,10,14,17000
Esenyurt , Atatürk Mahallesi,60,1+1,7,Merkezi (Pay Ölçer),Eþyalý,Daire,65,15,9,Evet,12000
Esenyurt , Mehmet Akif Ersoy Mahallesi,75,1+1,7,Merkezi Doðalgaz,Eþyalý,Daire,80,10,15,Evet,11000
Esenyurt , Gökevler Mahallesi,70,1+1,9,Merkezi (Pay Ölçer),Eþyalý,Daire,75,15,9,Evet,13500
Esenyurt , Cumhuriyet Mahallesi,80,1+1,12,Merkezi (Pay Ölçer),Eþyalý,Daire,90,10,14,Evet,13000
Esenyurt , Yeþilkent Mahallesi,57,1+1,19,Merkezi (Pay Ölçer),Eþyalý,Daire,65,15,27,Evet,12000
Esenyurt , Barbaros Hayrettin Paþa Mahallesi,65,1+1,17,Klimalý,Eþyalý,Residence,85,3,31,Evet,20000
Pendik , Fatih Mahallesi,80,2+1,4,Kombi Doðalgaz,Boþ,Daire,90,15,5,Hayýr,15000
Pendik , Esenler Mahallesi,105,3+1,6,Yerden Isýtma,Boþ,Daire,120,0,8,Hayýr,26000
Pendik , Kaynarca Mahallesi,110,3+1,1,Kombi Doðalgaz,Boþ,Daire,120,15,6,Hayýr,22500
Pendik , Kurtköy Mahallesi,80,2+1,5,Kombi Doðalgaz,Boþ,Daire,90,4,8,Hayýr,26000
Pendik , Dumlupýnar Mahallesi,95,2+1,4,Kombi Doðalgaz,Boþ,Daire,110,20,4,Hayýr,15000
Pendik , Kavakpýnar Mahallesi,70,2+1,0,Doðalgaz Sobalý,Boþ,Daire,80,25,3,Hayýr,8000
Pendik , Batý Mahallesi,100,3+1,1,Merkezi Doðalgaz,Boþ,Daire,125,0,6,Hayýr,33000
Pendik , Ahmet Yesevi Mahallesi,110,3+1,2,Kombi Doðalgaz,Boþ,Daire,120,15,4,Hayýr,17000
Pendik , Doðu Mahallesi,85,3+1,8,Merkezi Doðalgaz,Boþ,Daire,95,25,10,Hayýr,24500
Pendik , Çamçeþme Mahallesi,130,3+1,1,Kombi Doðalgaz,Boþ,Daire,145,25,4,Hayýr,17500
Pendik , Güllü Baðlar Mahallesi,100,3+1,4,Kombi Doðalgaz,Boþ,Daire,120,4,8,Hayýr,25250
Pendik , Kavakpýnar Mahallesi,130,3+1,3,Kombi Doðalgaz,Boþ,Daire,150,15,4,Hayýr,18250
Pendik , Kavakpýnar Mahallesi,60,2+1,4,Kombi Doðalgaz,Boþ,Daire,80,15,4,Hayýr,17250
Pendik , Kavakpýnar Mahallesi,120,3+1,2,Kombi Doðalgaz,Boþ,Daire,130,20,3,Hayýr,13500
Pendik , Çamçeþme Mahallesi,80,2+1,2,Kombi Doðalgaz,Boþ,Daire,90,4,5,Hayýr,18000
Pendik , Velibaba Mahallesi,70,2+1,Müstakil,Kombi Doðalgaz,Boþ,Daire,100,25,2,Hayýr,9500
Pendik , Kavakpýnar Mahallesi,120,3+1,2,Sobalý,Boþ,Daire,140,20,4,Hayýr,10000
Pendik , Kavakpýnar Mahallesi,75,2+1,0,Kombi Doðalgaz,Boþ,Daire,80,20,3,Hayýr,9250
Pendik , Kavakpýnar Mahallesi,90,2+1,5,Kombi Doðalgaz,Boþ,Daire,100,4,7,Hayýr,20000
Pendik , Kavakpýnar Mahallesi,105,3+1,1,Kombi Doðalgaz,Boþ,Hayýr,Daire,120,0,5,22000
Pendik , Sapan Baðlarý Mahallesi,105,2+1,1,Kombi Doðalgaz,Boþ,Daire,125,15,3,Hayýr,24200
Pendik , Fevzi Çakmak Mahallesi,120,3+1,3,Kombi Doðalgaz,Boþ,Daire,130,25,5,Hayýr,15000
Pendik , Fevzi Çakmak Mahallesi,90,2+1,2,Kombi Doðalgaz,Boþ,Daire,100,15,5,Hayýr,18000
Pendik , Orhangazi Mahallesi,120,3+1,0,Kombi Doðalgaz,Boþ,Daire,130,15,5,Hayýr,16000
Pendik , Ahmet Yesevi Mahallesi,90,2+1,7,Kombi Doðalgaz,Boþ,Daire,100,4,8,Hayýr,15000
Pendik , Kaynarca Mahallesi,90,2+1,5,Kombi Doðalgaz,Boþ,Daire,110,10,7,Hayýr,34000
Pendik , Kavakpýnar Mahallesi,73,2+1,2,Kombi Doðalgaz,Boþ,Daire,90,0,7,Hayýr,21000
Pendik , Çýnardere Mahallesi,75,2+1,6,Kombi Doðalgaz,Boþ,Daire,85,10,6,Hayýr,19000
Pendik , Çýnardere Mahallesi,75,2+1,5,Kombi Doðalgaz,Boþ,Daire,90,10,6,Hayýr,19500
Pendik , Batý Mahallesi,110,3+1,5,Kombi Doðalgaz,Boþ,Daire,125,25,6,Hayýr,19500
Pendik , Orta Mahallesi,75,2+1,4,Kombi Doðalgaz,Hayýr,Daire,80,15,4,Boþ,18000
Pendik , Fevzi Çakmak Mahallesi,80,1+1,0,Kombi Doðalgaz,Boþ,Daire,88,25,5,Hayýr,7250
Pendik , Fevzi Çakmak Mahallesi,95,2+1,1,Kombi Doðalgaz,Boþ,Daire,110,10,4,Hayýr,20000
Pendik , Kavakpýnar Mahallesi,90,2+1,2,Kombi Doðalgaz,Boþ,Daire,100,25,5,Hayýr,13500
Pendik , Yeniþehir Mahallesi,56,1+1,8,Merkezi (Pay Ölçer),Boþ,Daire,71,10,8,Hayýr,18000
Pendik , Þeyhli Mahallesi,85,2+1,2,Kombi Doðalgaz,Boþ,Daire,100,10,3,Hayýr,20000
Pendik , Kaynarca Mahallesi,120,35+1,5,Kombi Doðalgaz,Hayýr,Daire,130,1,9,Boþ,30000
Pendik , Velibaba Mahallesi,110,3+1,5,Kombi Doðalgaz,Boþ,Daire,130,15,9,Hayýr,25000
Pendik , Velibaba Mahallesi,110,3+1,3,Kombi Doðalgaz,Boþ,Daire,130,15,9,Hayýr,23000
Pendik , Sapan Baðlarý Mahallesi,100,3+1,8,Kombi Doðalgaz,Boþ,Daire,120,10,8,Hayýr,20500
Pendik , Güzelyalý Mahallesi,80,2+1,1,Kombi Doðalgaz,Boþ,Daire,100,20,5,Hayýr,16500
Pendik , Dumlupýnar Mahallesi,121,3+1,3,Kombi Doðalgaz,Boþ,Daire,130,10,3,Hayýr,15000
Pendik , Kavakpýnar Mahallesi,85,2+1,3,Kombi Doðalgaz,Boþ,Daire,100,25,4,Hayýr,13000
Pendik , Kavakpýnar Mahallesi,85,2+1,2,Kombi Doðalgaz,Boþ,Daire,100,25,4,Hayýr,13000
Pendik , Kaynarca Mahallesi,140,4+1,3,Kombi Doðalgaz,Boþ,Daire,165,20,3,Hayýr,18000
Pendik , Harmandere Mahallesi,125,3+1,4,Kombi Doðalgaz,Boþ,Daire,130,10,9,Hayýr,22000
Pendik , Ahmet Yesevi Mahallesi,100,3+1,2,Kombi Doðalgaz,Boþ,Daire,110,25,4,Hayýr,14000
Pendik , Batý Mahallesi,110,2+1,1,Kombi Doðalgaz,Boþ,Daire,130,25,5,Hayýr,14000
Pendik , Kurtköy Mahallesi,100,2+1,0,Kombi Doðalgaz,Eþyalý,Daire,120,10,6,Hayýr,22000
Pendik , Velibaba Mahallesi,70,15+1,4,Kombi Doðalgaz,Eþyalý,Daire,85,15,5,Hayýr,20000
Pendik , Esenyalý Mahallesi,115,2+1,3,Merkezi Doðalgaz,Eþyalý,Daire,120,15,3,Hayýr,14500
Pendik , Batý Mahallesi,110,3+1,5,Kombi Doðalgaz,Eþyalý,Daire,125,25,5,Hayýr,20000
Pendik , Þeyhli Mahallesi,75,1+1,2,Kombi Doðalgaz,Eþyalý,Daire,85,15,5,Hayýr,18000
Pendik , Kurtköy Mahallesi,100,2+1,0,Kombi Doðalgaz,Eþyalý,Daire,120,10,6,Hayýr,22000
Pendik , Batý Mahallesi,100,3+1,1,Merkezi Doðalgaz,Boþ,Daire,125,0,6,Hayýr,33000
Pendik , Dumlupýnar Mahallesi,95,2+1,4,Kombi Doðalgaz,Boþ,Daire,110,20,4,Hayýr,15000
Pendik , Velibaba Mahallesi,70,15+1,4,Kombi Doðalgaz,Eþyalý,Daire,85,15,5,Hayýr,20000
Pendik , Ahmet Yesevi Mahallesi,110,3+1,2,Kombi Doðalgaz,Boþ,Daire,120,15,4,Hayýr,17000
Pendik , Doðu Mahallesi,85,3+1,8,Merkezi Doðalgaz,Boþ,Daire,95,25,10,Hayýr,24500
Pendik , Çamçeþme Mahallesi,130,3+1,1,Kombi Doðalgaz,Boþ,Daire,145,25,4,Hayýr,17500
Pendik , Kavakpýnar Mahallesi,120,3+1,2,Kombi Doðalgaz,Boþ,Daire,130,20,3,Hayýr,13500
Pendik , Çamçeþme Mahallesi,80,2+1,2,Kombi Doðalgaz,Boþ,Daire,90,4,5,Hayýr,18000
Pendik , Kavakpýnar Mahallesi,75,2+1,0,Kombi Doðalgaz,Boþ,Daire,80,20,3,Hayýr,9250
Pendik , Kavakpýnar Mahallesi,90,2+1,5,Kombi Doðalgaz,Boþ,Daire,100,4,7,Hayýr,20000
Pendik , Kavakpýnar Mahallesi,50,2+1,0,Kombi Doðalgaz,Daire,65,25,5,Hayýr,9000
Pendik , Esenyalý Mahallesi,70,2+1,0,Kombi Doðalgaz,Hayýr,Daire,80,25,3,10000
Pendik , Kavakpýnar Mahallesi,105,3+1,1,Kombi Doðalgaz,Boþ,Hayýr,Daire,120,0,5,22000
Pendik , Sapan Baðlarý Mahallesi,105,2+1,1,Kombi Doðalgaz,Boþ,Daire,125,15,3,Hayýr,24200
Pendik , Fevzi Çakmak Mahallesi,120,3+1,3,Kombi Doðalgaz,Boþ,Daire,130,25,5,Hayýr,15000
Pendik , Ahmet Yesevi Mahallesi,90,2+1,7,Kombi Doðalgaz,Boþ,Daire,100,4,8,Hayýr,15000
Pendik , Orhangazi Mahallesi,120,3+1,0,Kombi Doðalgaz,Boþ,Daire,130,15,5,Hayýr,16000
Pendik , Kaynarca Mahallesi,90,2+1,5,Kombi Doðalgaz,Boþ,Daire,110,10,7,Hayýr,34000
Pendik , Kavakpýnar Mahallesi,73,2+1,2,Kombi Doðalgaz,Boþ,Daire,90,0,7,Hayýr,21000
Pendik , Çamçeþme Mahallesi,110,3+1,2,Kombi Doðalgaz,Hayýr,Daire,120,25,5,15000
Pendik , Fevzi Çakmak Mahallesi,120,3+1,5,Kombi Doðalgaz,Hayýr,Daire,130,25,7,16000
Pendik , Çýnardere Mahallesi,75,2+1,5,Kombi Doðalgaz,Boþ,Daire,90,10,6,Hayýr,19500
Pendik , Orta Mahallesi,75,2+1,4,Kombi Doðalgaz,Hayýr,Daire,80,15,4,Boþ,18000
Pendik , Yeniþehir Mahallesi,51,1+1,5,Merkezi (Pay Ölçer),Boþ,Daire,73,4,8,Evet,22000
Pendik , Ahmet Yesevi Mahallesi,45,1+1,10,Kombi Doðalgaz,Boþ,Residence,55,15,11,Evet,14000
Pendik , Harmandere Mahallesi,90,2+1,8,Kombi Doðalgaz,Eþyalý,Daire,105,10,8,Evet,25000
Pendik , Yeniþehir Mahallesi,50,1+1,3,Kombi Doðalgaz,Evet,Daire,65,15,9,18000
Pendik , Yeniþehir Mahallesi,21,Stüdyo,7,Klimalý,Eþyalý,Daire,30,20,8,Evet,15000
Pendik , Yeniþehir Mahallesi,65,1+1,1,Kombi Doðalgaz,Boþ,Daire,75,15,9,Evet,18000
Pendik , Yeniþehir Mahallesi,110,3+1,5,Kombi Doðalgaz,Boþ,Daire,140,20,5,Evet,19000
Pendik , Yeniþehir Mahallesi,67,2+1,5,Kombi Doðalgaz,Eþyalý,Daire,80,10,5,Evet,30000
Pendik , Yeniþehir Mahallesi,87,2+1,0,Yerden Isýtma,Boþ,Daire,105,10,9,Evet,35000
Pendik , Kaynarca Mahallesi,100,2+1,3,Merkezi (Pay Ölçer),Eþyalý,Daire,120,15,15,Evet,26000
Pendik , Yeniþehir Mahallesi,25,Stüdyo,7,Klimalý,Boþ,Daire,35,20,8,Evet,14000
Pendik , Yeniþehir Mahallesi,95,2+1,4,Merkezi (Pay Ölçer),Evet,Daire,110,10,9,26000
Pendik , Harmandere Mahallesi,115,3+1,1,Kombi Doðalgaz,Boþ,Daire,125,25,9,Evet,18500
Pendik , Yeni Mahallesi,120,3+1,10,Merkezi (Pay Ölçer),Boþ,Daire,140,25,10,Evet,23000
Pendik , Kurtköy Mahallesi,85,2+1,5,Kombi Doðalgaz,Daire,95,15,9,Evet,2600000
Pendik , Yeniþehir Mahallesi,70,2+1,1,Merkezi (Pay Ölçer),Boþ,Daire,95,10,2,Evet,30000
Pendik , Harmandere Mahallesi,88,2+1,2,Kombi Doðalgaz,Boþ,Daire,96,25,4,Evet,20900
Pendik , Yeniþehir Mahallesi,104,2+1,1,Kombi Doðalgaz,Eþyalý,Daire,114,20,10,Evet,31750
Pendik , Yayalar Mahallesi,72,2+1,0,Merkezi (Pay Ölçer),Boþ,Daire,90,4,9,Evet,21000
Pendik , Yeniþehir Mahallesi,65,1+1,4,Merkezi (Pay Ölçer),Boþ,Daire,82,15,8,Evet,17200
Pendik , Fevzi Çakmak Mahallesi,75,2+1,5,Kombi Doðalgaz,Eþyalý,Daire,110,3,9,Evet,26000
Pendik , Yeniþehir Mahallesi,100,3+1,9,Kombi Doðalgaz,Boþ,Daire,125,25,9,Evet,18000
Pendik , Yeniþehir Mahallesi,95,3+1,7,Kombi Doðalgaz,Evet,Daire,120,25,9,17500
Pendik , Yeniþehir Mahallesi,60,1+1,1,Kombi Doðalgaz,Boþ,Daire,75,15,5,Evet,18000
Pendik , Güllü Baðlar Mahallesi,48,1+1,9,Kombi Doðalgaz,Eþyalý,Daire,68,3,9,Evet,24000
Pendik , Doðu Mahallesi,75,1+1,8,Merkezi (Pay Ölçer),Eþyalý,Daire,85,4,13,Evet,35000
Pendik , Doðu Mahallesi,85,2+1,8,Merkezi (Pay Ölçer),Eþyalý,Daire,95,4,10,Evet,42000
Pendik , Harmandere Mahallesi,77,2+1,4,Yerden Isýtma,Eþyalý,Daire,96,4,9,Evet,25000
Pendik , Güllü Baðlar Mahallesi,75,2+1,4,Merkezi (Pay Ölçer),Boþ,Daire,82,3,10,Evet,19500
Pendik , Ahmet Yesevi Mahallesi,25,Stüdyo,8,Kombi Doðalgaz,Daire,40,15,11,Eþyalý,Evet,15000
Pendik , Velibaba Mahallesi,90,3+1,4,Kombi Doðalgaz,Eþyalý,Daire,105,20,5,Evet,22000
Pendik , Yeniþehir Mahallesi,75,2+1,5,Kombi Doðalgaz,Evet,Daire,90,25,8,15500
Pendik , Yeniþehir Mahallesi,80,2+1,8,Kombi Doðalgaz,Boþ,Daire,90,25,8,Evet,15000
Pendik , Yeniþehir Mahallesi,158,3+1,0,Kombi Doðalgaz,Boþ,Daire,240,10,4,Evet,70000
Pendik , Doðu Mahallesi,77,2+1,9,Yerden Isýtma,Eþyalý,Residence,110,3,16,Evet,50000
Pendik , Kurtköy Mahallesi,60,2+1,3,Merkezi (Pay Ölçer),Boþ,Daire,88,0,10,Evet,20000
Pendik , Yeniþehir Mahallesi,60,1+1,3,Merkezi (Pay Ölçer),Eþyalý,Daire,65,4,9,Evet,30000
Pendik , Harmandere Mahallesi,114,3+1,6,Kombi Doðalgaz,Eþyalý,Daire,135,20,9,Evet,23000
Pendik , Harmandere Mahallesi,80,1+1,2,Merkezi (Pay Ölçer),Boþ,Daire,100,10,9,Evet,19750
Pendik , Yeniþehir Mahallesi,52,1+1,6,Merkezi (Pay Ölçer),Eþyalý,Daire,76,4,9,Evet,30000
Pendik , Yeniþehir Mahallesi,57,1+1,5,Merkezi (Pay Ölçer),Eþyalý,Daire,64,4,9,Evet,28000
Pendik , Sülüntepe Mahallesi,52,1+1,2,Merkezi (Pay Ölçer),Eþyalý,Daire,75,20,8,Evet,18000
Pendik , Harmandere Mahallesi,80,1+1,2,Merkezi (Pay Ölçer),Boþ,Daire,100,10,9,Evet,19750
Pendik , Yeniþehir Mahallesi,52,1+1,6,Merkezi (Pay Ölçer),Eþyalý,Daire,76,4,9,Evet,30000
Pendik , Yeniþehir Mahallesi,57,1+1,5,Merkezi (Pay Ölçer),Eþyalý,Daire,64,4,9,Evet,28000
Pendik , Sülüntepe Mahallesi,52,1+1,2,Merkezi (Pay Ölçer),Eþyalý,Daire,75,20,8,Evet,18000
Pendik , Dumlupýnar Mahallesi,70,2+1,4,Kombi Doðalgaz,Boþ,Daire,85,0,5,Evet,16300
Pendik , Yeniþehir Mahallesi,100,2+1,3,Merkezi (Pay Ölçer),Boþ,Daire,110,10,10,Evet,25000
Pendik , Harmandere Mahallesi,52,1+1,7,Merkezi (Pay Ölçer),Eþyalý,Daire,65,10,7,Evet,20000
Pendik , Kurtköy Mahallesi,67,2+1,4,Merkezi (Pay Ölçer),Boþ,Daire,88,0,10,Evet,26000
Pendik , Yeniþehir Mahallesi,65,1+1,9,Merkezi (Pay Ölçer),Eþyalý,Daire,72,10,9,Evet,23500
Pendik , Güllü Baðlar Mahallesi,48,1+1,5,Kombi Doðalgaz,Eþyalý,Daire,68,2,9,Evet,22000
Pendik , Yeniþehir Mahallesi,90,2+1,0,Kombi Doðalgaz,Eþyalý,Daire,105,20,2,Evet,15500
Pendik , Yeniþehir Mahallesi,35,Stüdyo,5,Merkezi (Pay Ölçer),Evet,Daire,55,10,9,13000
Pendik , Doðu Mahallesi,113,3+1,13,Merkezi (Pay Ölçer),Eþyalý,Daire,148,4,14,Evet,55000
Pendik , Yeniþehir Mahallesi,115,3+1,9,Kombi Doðalgaz,Boþ,Daire,135,15,9,Evet,22000
Pendik , Yeniþehir Mahallesi,85,2+1,7,Kombi Doðalgaz,Eþyalý,Daire,95,25,9,Evet,18000
Pendik , Çamlýk Mahallesi,35,Stüdyo,7,Kombi Doðalgaz,Boþ,Daire,55,10,8,Evet,15000
Pendik , Çýnardere Mahallesi,110,3+1,4,Merkezi (Pay Ölçer),Boþ,Daire,145,10,5,Evet,26000
Pendik , Yeniþehir Mahallesi,55,1+1,0,Merkezi (Pay Ölçer),Evet,Daire,65,15,8,26000
Pendik , Velibaba Mahallesi,65,3+1,0,Kombi Doðalgaz,Boþ,Daire,94,1,8,Evet,25000
Pendik , Kavakpýnar Mahallesi,82,2+1,4,Kombi Doðalgaz,Evet,Daire,92,25,7,24000
Pendik , Sülüntepe Mahallesi,78,2+1,5,Yerden Isýtma,Boþ,Daire,85,0,8,Evet,19000
Pendik , Yeniþehir Mahallesi,65,1+1,2,Merkezi (Pay Ölçer),Boþ,Daire,82,10,8,Evet,18500
Pendik , Yeniþehir Mahallesi,55,1+1,7,Merkezi (Pay Ölçer),Eþyalý,Daire,68,10,9,Evet,18000
Pendik , Yayalar Mahallesi,140,3+1,7,Kombi Doðalgaz,Eþyalý,Daire,160,10,7,Evet,22000
Pendik , Yeniþehir Mahallesi,100,2+1,1,Merkezi (Pay Ölçer),Boþ,Daire,152,10,8,Evet,26000
Pendik , Güllü Baðlar Mahallesi,48,1+1,2,Kombi Doðalgaz,Boþ,Daire,68,3,9,Evet,17000
Pendik , Yeniþehir Mahallesi,57,1+1,8,Merkezi (Pay Ölçer),Boþ,Daire,85,4,9,Evet,22000
Pendik , Fevzi Çakmak Mahallesi,107,2+1,4,Merkezi (Pay Ölçer),Boþ,Daire,137,0,4,Evet,37000
Pendik , Fevzi Çakmak Mahallesi,100,2+1,3,Merkezi (Pay Ölçer),Boþ,Daire,127,0,4,Evet,33000
Pendik , Fevzi Çakmak Mahallesi,88,2+1,2,Merkezi (Pay Ölçer),Boþ,Daire,114,0,4,Evet,26000
Pendik , Fevzi Çakmak Mahallesi,85,2+1,3,Merkezi (Pay Ölçer),Boþ,Daire,107,0,4,Evet,30000
Pendik , Yayalar Mahallesi,130,2+1,3,Kombi Doðalgaz,Eþyalý,Daire,150,10,4,Evet,13000
Pendik , Harmandere Mahallesi,88,2+1,2,Kombi Doðalgaz,Eþyalý,Daire,96,25,5,Evet,20500
Baðcýlar , Merkez Mahallesi,185,4+1,14,Kombi Doðalgaz,Boþ,Daire,220,2,14,Evet,40000
Baðcýlar , Mahmutbey Mahallesi,45,1+1,19,Merkezi (Pay Ölçer),Boþ,Residence,110,1,30,Evet,17000
Baðcýlar , Baðlar Mahallesi,40,Stüdyo,8,Merkezi (Pay Ölçer),Boþ,Residence,50,10,11,Evet,14000
Baðcýlar , Mahmutbey Mahallesi,120,3+1,12,Merkezi (Pay Ölçer),Boþ,Residence,175,0,30,Evet,36000
Baðcýlar , Yenimahalle Mahallesi,110,3+1,5,Kombi Doðalgaz,Boþ,Daire,120,0,15,Evet,25000
Baðcýlar , Göztepe Mahallesi,80,2+1,12,Merkezi (Pay Ölçer),Boþ,Daire,115,10,26,Evet,30000
Baðcýlar , Mahmutbey Mahallesi,118,3+1,22,Merkezi (Pay Ölçer),Boþ,Daire,175,0,29,Evet,40000
Baðcýlar , Mahmutbey Mahallesi,72,2+1,19,Merkezi (Pay Ölçer),Boþ,Daire,105,1,30,Evet,28000
Baðcýlar , Göztepe Mahallesi,95,3+1,6,Kombi Doðalgaz,Boþ,Hayýr,Daire,130,0,12,28000
Baðcýlar , Baðlar Mahallesi,160,4+1,7,Merkezi (Pay Ölçer),Boþ,Daire,216,10,7,Evet,55000
Baðcýlar , Baðlar Mahallesi,30,Stüdyo,16,Merkezi (Pay Ölçer),Boþ,Daire,46,10,18,Evet,11750
Baðcýlar , Mahmutbey Mahallesi,55,1+1,16,Merkezi (Pay Ölçer),Boþ,Daire,68,4,24,Evet,16500
Baðcýlar , 15 Temmuz Mahallesi,115,3+1,3,Merkezi (Pay Ölçer),Boþ,Daire,135,15,8,Evet,25000
Baðcýlar , Yenimahalle Mahallesi,110,3+1,10,Kombi Doðalgaz,Boþ,Daire,140,0,14,Evet,30000
Baðcýlar , Baðlar Mahallesi,40,1+1,14,Merkezi (Pay Ölçer),Boþ,Daire,66,10,18,Evet,17000
Baðcýlar , Baðlar Mahallesi,80,2+1,0,Merkezi (Pay Ölçer),Boþ,Daire,95,10,5,Evet,25000
Baðcýlar , Baðlar Mahallesi,55,1+1,3,Merkezi (Pay Ölçer),Boþ,Daire,75,2,12,Evet,18000
Baðcýlar , Baðlar Mahallesi,55,1+1,3,Merkezi Doðalgaz,Boþ,Daire,75,2,12,Evet,18000
Baðcýlar , Mahmutbey Mahallesi,88,2+1,10,Merkezi (Pay Ölçer),Boþ,Daire,107,4,24,Evet,24500
Baðcýlar , Mahmutbey Mahallesi,120,3+1,12,Merkezi (Pay Ölçer),Boþ,Residence,175,0,30,Evet,40000
Baðcýlar , Mahmutbey Mahallesi,50,1+1,6,Merkezi (Pay Ölçer),Boþ,Daire,70,10,30,Evet,16000
Baðcýlar , Baðlar Mahallesi,28,Stüdyo,14,Merkezi (Pay Ölçer),Boþ,Daire,42,10,18,Evet,12000
Baðcýlar , Yýldýztepe Mahallesi,85,2+1,1,Isýtma Yok,Hayýr,Daire,90,25,5,Boþ,10500
Baðcýlar , Güneþli Mahallesi,65,1+1,0,Kombi Doðalgaz,Boþ,Daire,75,15,4,Hayýr,10500
Baðcýlar , Merkez Mahallesi,95,2+1,1,Kombi Doðalgaz,Boþ,Daire,110,25,4,Hayýr,14000
Baðcýlar , Sancaktepe Mahallesi,80,2+1,1,Kombi Doðalgaz,Boþ,Daire,85,25,4,Hayýr,14000
Baðcýlar , Çýnar Mahallesi,100,2+1,1,Kombi Doðalgaz,Boþ,Daire,110,25,4,Hayýr,20000
Baðcýlar , Yenimahalle Mahallesi,80,2+1,4,Merkezi Doðalgaz,Boþ,Daire,100,15,10,Hayýr,20000
Baðcýlar , Hürriyet Mahallesi,115,3+1,4,Kombi Doðalgaz,Daire,125,15,4,Boþ,Hayýr,20000
Baðcýlar , Güneþli Mahallesi,240,4+2,4,Kombi Doðalgaz,Boþ,Hayýr,Daire,260,25,5,27000
Baðcýlar , Kirazlý Mahallesi,90,2+1,2,Kombi Doðalgaz,Boþ,Daire,100,25,5,Hayýr,15000
Baðcýlar , Hürriyet Mahallesi,115,3+1,2,Kombi Doðalgaz,Boþ,Daire,130,25,4,Hayýr,16000
Baðcýlar , Yýldýztepe Mahallesi,85,2+1,1,Kombi Doðalgaz,Boþ,Daire,95,25,2,Hayýr,14500
Baðcýlar , Yýldýztepe Mahallesi,85,2+1,1,Kombi Doðalgaz,Boþ,Daire,95,25,2,Hayýr,14500
Baðcýlar , Yýldýztepe Mahallesi,70,2+1,Bodrum Kat,Kombi Doðalgaz,Boþ,Daire,80,25,5,Hayýr,9000
Baðcýlar , Yýldýztepe Mahallesi,80,2+1,4,Kombi Doðalgaz,Boþ,Daire,95,20,4,Hayýr,13000
Baðcýlar , Yenimahalle Mahallesi,80,2+1,0,Kombi Doðalgaz,Boþ,Daire,85,10,5,Hayýr,13000
Baðcýlar , Yavuz Selim Mahallesi,80,2+1,4,Kombi Doðalgaz,Boþ,Daire,90,25,4,Hayýr,15000
Baðcýlar , Fevzi Çakmak Mahallesi,100,3+1,4,Kombi Doðalgaz,Boþ,Daire,110,25,4,Hayýr,15000
Baðcýlar , Ýnönü Mahallesi,75,2+1,5,Kombi Doðalgaz,Boþ,Daire,85,25,5,Hayýr,14500
Baðcýlar , Sancaktepe Mahallesi,85,2+1,4,Kombi Doðalgaz,Boþ,Daire,90,25,5,Hayýr,14000
Baðcýlar , Yýldýztepe Mahallesi,110,2+1,1,Sobalý,Boþ,Hayýr,Daire,120,25,3,9000
Baðcýlar , Fevzi Çakmak Mahallesi,65,2+1,4,Kombi Doðalgaz,Boþ,Daire,70,25,4,Hayýr,10000
Baðcýlar , 15 Temmuz Mahallesi,120,3+1,2,Kombi Doðalgaz,Boþ,Hayýr,Daire,125,15,4,17500
Baðcýlar , Hürriyet Mahallesi,45,1+1,0,Doðalgaz Sobalý,Boþ,Daire,50,25,4,Hayýr,8000
Baðcýlar , Kemalpaþa Mahallesi,120,2+1,1,Kombi Doðalgaz,Boþ,Hayýr,Daire,125,25,4,11500
Baðcýlar , Yýldýztepe Mahallesi,55,1+1,0,Kombi Doðalgaz,Boþ,Daire,60,10,4,Hayýr,10000
Baðcýlar , Kazým Karabekir Mahallesi,115,3+1,2,Kombi Doðalgaz,Daire,120,10,7,Boþ,Hayýr,25000
Baðcýlar , Kirazlý Mahallesi,115,3+1,2,Kombi Doðalgaz,Daire,120,10,7,Boþ,Hayýr,25000
Baðcýlar , Çýnar Mahallesi,160,3+1,1,Kombi Doðalgaz,Boþ,Daire,170,25,3,Hayýr,25000
Baðcýlar , Barbaros Mahallesi,80,1+1,3,Kombi Doðalgaz,Boþ,Daire,90,20,4,Hayýr,12000
Baðcýlar , Yýldýztepe Mahallesi,75,2+1,0,Kombi Doðalgaz,Boþ,Daire,80,15,3,Hayýr,10000
Baðcýlar , 15 Temmuz Mahallesi,42,1+1,2,Merkezi (Pay Ölçer),Eþyalý,Daire,67,2,14,Evet,16750
Baðcýlar , Baðlar Mahallesi,85,2+1,9,Merkezi (Pay Ölçer),Eþyalý,Daire,98,10,10,Evet,35000
Baðcýlar , Mahmutbey Mahallesi,96,2+1,8,Merkezi (Pay Ölçer),Eþyalý,Daire,140,4,22,Evet,30000
Baðcýlar , Göztepe Mahallesi,85,2+1,1,Merkezi (Pay Ölçer),Eþyalý,Daire,125,10,19,Evet,25000
Baðcýlar , Göztepe Mahallesi,140,3+1,17,Merkezi (Pay Ölçer),Eþyalý,Evet,Daire,168,10,21,37000
Baðcýlar , Göztepe Mahallesi,52,1+1,22,Merkezi (Pay Ölçer),Eþyalý,Residence,68,10,28,Evet,38000
Baðcýlar , Göztepe Mahallesi,85,2+1,5,Merkezi (Pay Ölçer),Eþyalý,Daire,105,10,28,Evet,25000
Baðcýlar , Baðlar Mahallesi,50,1+1,19,Kombi Doðalgaz,Eþyalý,Daire,80,2,28,Evet,19000
Baðcýlar , Mahmutbey Mahallesi,90,2+1,16,Merkezi (Pay Ölçer),Eþyalý,Daire,110,4,26,Evet,35000
Baðcýlar , 15 Temmuz Mahallesi,47,1+1,15,Merkezi (Pay Ölçer),Eþyalý,Daire,75,3,18,Evet,20000
Baðcýlar , Baðlar Mahallesi,63,2+1,1,Merkezi (Pay Ölçer),Eþyalý,Daire,101,10,18,Evet,25000
Baðcýlar , Göztepe Mahallesi,55,1+1,22,Merkezi (Pay Ölçer),Evet,Daire,72,10,28,Eþyalý,37000
Baðcýlar , Mahmutbey Mahallesi,90,2+1,18,Merkezi (Pay Ölçer),Eþyalý,Daire,110,4,26,Evet,35000
Baðcýlar , Baðlar Mahallesi,45,1+1,10,Merkezi (Pay Ölçer),Eþyalý,Daire,71,10,14,Evet,18000
Baðcýlar , Göztepe Mahallesi,70,1+1,4,Merkezi Doðalgaz,Eþyalý,Daire,80,1,15,Evet,20000
Baðcýlar , Göztepe Mahallesi,100,2+1,11,Merkezi (Pay Ölçer),Eþyalý,Daire,120,10,13,Hayýr,25500
Baðcýlar , Göztepe Mahallesi,80,1+1,6,Merkezi (Pay Ölçer),Eþyalý,Daire,85,1,15,Hayýr,24000
Baðcýlar , Yýldýztepe Mahallesi,85,2+1,2,Kombi Doðalgaz,Eþyalý,Daire,95,10,5,Hayýr,20000
Baðcýlar , Fevzi Çakmak Mahallesi,80,2+1,7,Merkezi (Pay Ölçer),Eþyalý,Hayýr,Daire,90,1,10,23500
Baðcýlar , Mahmutbey Mahallesi,50,1+1,11,Merkezi (Pay Ölçer),Eþyalý,Hayýr,Daire,60,10,18,18000
Baðcýlar , Göztepe Mahallesi,80,1+1,5,Merkezi (Pay Ölçer),Eþyalý,Daire,85,1,15,Hayýr,23000
Baðcýlar , Göztepe Mahallesi,80,1+1,4,Merkezi (Pay Ölçer),Eþyalý,Daire,85,1,15,Hayýr,23000
Baðcýlar , Göztepe Mahallesi,80,2+1,6,Merkezi (Pay Ölçer),Eþyalý,Daire,85,1,15,Hayýr,23000
Baðcýlar , Göztepe Mahallesi,60,1+1,6,Merkezi Doðalgaz,Eþyalý,Daire,70,1,15,Hayýr,22000
Sancaktepe , Meclis Mahallesi,210,5+2,6,Kombi Doðalgaz,Boþ,Daire,270,20,6,Evet,36250
Sancaktepe , Sarýgazi Mahallesi,88,2+1,10,Merkezi Doðalgaz,Evet,Daire,122,1,12,Boþ,28500
Sancaktepe , Fatih Mahallesi,108,3+1,7,Kombi Doðalgaz,Boþ,Daire,115,25,7,Evet,15000
Sancaktepe , Osmangazi Mahallesi,120,3+1,2,Kombi Doðalgaz,Boþ,Evet,Daire,130,20,7,17500
Sancaktepe , Abdurrahmangazi Mahallesi,65,2+1,2,Merkezi (Pay Ölçer),Boþ,Daire,93,0,6,Evet,18000
Sancaktepe , Eyüp Sultan Mahallesi,115,3+1,3,Kombi Doðalgaz,Boþ,Daire,130,20,7,Evet,25000
Sancaktepe , Fatih Mahallesi,80,1+1,5,Merkezi (Pay Ölçer),Boþ,Daire,85,10,5,Evet,25000
Sancaktepe , Eyüp Sultan Mahallesi,85,2+1,2,Kombi Doðalgaz,Boþ,Daire,125,2,11,Evet,20000
Sancaktepe , Kemal Türkler Mahallesi,80,2+1,3,Kombi Doðalgaz,Boþ,Daire,91,15,4,Evet,24000
Sancaktepe , Kemal Türkler Mahallesi,88,1+1,3,Kombi Doðalgaz,Boþ,Daire,91,20,5,Evet,22000
Sancaktepe , Abdurrahmangazi Mahallesi,135,3+1,5,Merkezi (Pay Ölçer),Boþ,Daire,185,0,7,Evet,29000
Sancaktepe , Abdurrahmangazi Mahallesi,135,3+1,6,Merkezi (Pay Ölçer),Boþ,Daire,195,0,7,Evet,29000
Sancaktepe , Abdurrahmangazi Mahallesi,145,3+1,1,Merkezi (Pay Ölçer),Boþ,Daire,187,0,7,Evet,30000
Sancaktepe , Abdurrahmangazi Mahallesi,135,3+1,6,Merkezi (Pay Ölçer),Boþ,Daire,195,0,7,Evet,30000
Sancaktepe , Abdurrahmangazi Mahallesi,160,3+1,0,Merkezi (Pay Ölçer),Boþ,Daire,194,0,7,Evet,42000
Sancaktepe , Veysel Karani Mahallesi,90,2+1,1,Kombi Doðalgaz,Hayýr,Daire,99,15,3,Boþ,18000
Sancaktepe , Kemal Türkler Mahallesi,65,2+1,-1,Kombi Doðalgaz,Boþ,Daire,75,4,3,Hayýr,14000
Sancaktepe , Ýnönü Mahallesi,80,2+1,4,Kombi Doðalgaz,Hayýr,Daire,120,15,4,Boþ,18000
Sancaktepe , Merve Mahallesi,78,2+1,1,Kombi Doðalgaz,Boþ,Hayýr,Daire,98,10,4,15000
Sancaktepe , Atatürk Mahallesi,130,4+1,3,Kombi Doðalgaz,Boþ,Daire,150,2,4,Hayýr,22000
Sancaktepe , Yunus Emre Mahallesi,120,4+2,3,Kombi Doðalgaz,Boþ,Daire,140,0,3,Hayýr,22500
Sancaktepe , Kemal Türkler Mahallesi,65,2+1,-1,Kombi Doðalgaz,Boþ,Hayýr,Daire,75,4,4,14000
Sancaktepe , Yunus Emre Mahallesi,95,3+1,1,Kombi Doðalgaz,Boþ,Daire,110,25,3,Hayýr,16000
Sancaktepe , Safa Mahallesi,115,3+1,4,Kombi Doðalgaz,Boþ,Daire,146,15,6,Hayýr,18000
Sancaktepe , Emek Mahallesi,90,2+1,1,Kombi Doðalgaz,Boþ,Daire,100,0,4,Hayýr,17500
Sancaktepe , Emek Mahallesi,120,3+1,2,Kombi Doðalgaz,Boþ,Daire,140,20,3,Hayýr,15000
Sancaktepe , Kemal Türkler Mahallesi,118,3+1,2,Kombi Doðalgaz,Boþ,Daire,130,15,4,Hayýr,18000
Sancaktepe , Atatürk Mahallesi,65,2+1,1,Kombi Doðalgaz,Boþ,Daire,75,10,4,Hayýr,15000
Sancaktepe , Ýnönü Mahallesi,115,2+1,1,Kombi Doðalgaz,Boþ,Daire,130,25,4,Hayýr,18000
Sancaktepe , Atatürk Mahallesi,115,3+1,1,Kombi Doðalgaz,Boþ,Daire,138,15,4,Hayýr,18000
Sancaktepe , Mevlana Mahallesi,75,2+1,2,Kombi Doðalgaz,Boþ,Hayýr,Daire,90,3,3,14500
Sancaktepe , Eyüp Sultan Mahallesi,140,3+1,5,Kombi Doðalgaz,Boþ,Daire,150,10,5,Hayýr,22500
Sancaktepe , Atatürk Mahallesi,80,2+1,0,Kombi Doðalgaz,Boþ,Daire,90,25,5,Hayýr,15000
Sancaktepe , Kemal Türkler Mahallesi,115,3+0,0,Kombi Doðalgaz,Boþ,Hayýr,Daire,125,4,4,14500
Sancaktepe , Emek Mahallesi,80,2+1,9,Merkezi (Pay Ölçer),Hayýr,Daire,108,15,11,Boþ,35000
Sancaktepe , Abdurrahmangazi Mahallesi,115,3+1,4,Kombi Doðalgaz,Boþ,Daire,125,0,5,Hayýr,30000
Sancaktepe , Osmangazi Mahallesi,70,2+1,2,Kombi Doðalgaz,Boþ,Daire,77,10,4,Hayýr,13000
Sancaktepe , Sarýgazi Mahallesi,50,1+1,4,Kombi Doðalgaz,Boþ,Daire,60,4,5,Hayýr,15000
Sancaktepe , Sarýgazi Mahallesi,85,2+1,4,Kombi Doðalgaz,Boþ,Daire,90,4,4,Hayýr,25000
Sancaktepe , Meclis Mahallesi,75,2+1,0,Kombi Doðalgaz,Boþ,Daire,100,10,5,Hayýr,13000
Sancaktepe , Fatih Mahallesi,135,2+2,Çatý Dubleks,Kombi Doðalgaz,Boþ,Daire,150,10,4,Hayýr,20000
Sancaktepe , Emek Mahallesi,80,3+1,0,Kombi Doðalgaz,Boþ,Daire,90,10,4,Hayýr,16000
Sancaktepe , Eyüp Sultan Mahallesi,103,3+1,4,Kombi Doðalgaz,Boþ,Daire,115,10,5,Hayýr,18000
Sancaktepe , Merve Mahallesi,110,3+1,5,Kombi Doðalgaz,Boþ,Daire,125,15,5,Hayýr,16000
Sancaktepe , Kemal Türkler Mahallesi,90,2+1,3,Kombi Doðalgaz,Boþ,Daire,100,0,3,Hayýr,15000
Sancaktepe , Hilal Mahallesi,150,2+1,4,Kombi Doðalgaz,Boþ,Daire,170,10,4,Hayýr,15000
Sancaktepe , Safa Mahallesi,90,2+1,4,Kombi Doðalgaz,Boþ,Daire,120,4,4,Hayýr,16000
Sancaktepe , Sarýgazi Mahallesi,170,5+1,0,Kombi Doðalgaz,Boþ,Daire,200,4,4,Hayýr,18500
Sancaktepe , Ýnönü Mahallesi,80,2+1,2,Kombi Doðalgaz,Boþ,Daire,90,10,3,Hayýr,25500
Sancaktepe , Abdurrahmangazi Mahallesi,250,7+2,2,Müstakil Ev,260,20,Kombi Doðalgaz,Boþ,Hayýr,43000
Sancaktepe , Eyüp Sultan Mahallesi,90,2+1,4,Kombi Doðalgaz,Boþ,Daire,110,4,6,Hayýr,19000
Sancaktepe , Merve Mahallesi,80,2+1,4,Kombi Doðalgaz,Hayýr,Daire,90,20,4,Boþ,11000
Sancaktepe , Emek Mahallesi,55,Stüdyo,3,Elektrikli Radyatör,Boþ,Daire,75,10,3,Hayýr,12500
Sancaktepe , Ýnönü Mahallesi,85,2+1,5,Kombi Doðalgaz,Boþ,Daire,95,10,5,Hayýr,16000
Sancaktepe , Emek Mahallesi,85,2+1,0,Kombi Doðalgaz,Boþ,Daire,100,10,5,Hayýr,12000
Sancaktepe , Yunus Emre Mahallesi,90,2+1,0,Kombi Doðalgaz,Boþ,Hayýr,Daire,100,10,5,12000
Sancaktepe , Yenidoðan Mahallesi,90,2+1,4,Kombi Doðalgaz,Boþ,Daire,100,10,10,Hayýr,16000
Sancaktepe , Yenidoðan Mahallesi,110,2+1,1,Kombi Doðalgaz,Boþ,Daire,120,10,10,Hayýr,19000
Sancaktepe , Meclis Mahallesi,115,3+1,2,Kombi Doðalgaz,Boþ,Daire,130,25,4,Hayýr,16000
Sancaktepe , Meclis Mahallesi,70,2+1,3,Kombi Doðalgaz,Boþ,Daire,85,25,4,Hayýr,10000
Sancaktepe , Atatürk Mahallesi,65,2+1,1,Kombi Doðalgaz,Boþ,Hayýr,Daire,75,10,5,12500
Sancaktepe , Atatürk Mahallesi,65,2+1,2,Kombi Doðalgaz,Boþ,Hayýr,Daire,75,10,5,14500
Sancaktepe , Kemal Türkler Mahallesi,75,3+1,0,Kombi Doðalgaz,Boþ,Daire,90,25,2,Hayýr,10000
Sancaktepe , Abdurrahmangazi Mahallesi,60,1+1,3,Merkezi (Pay Ölçer),Eþyalý,Daire,68,10,10,Hayýr,24000
Sancaktepe , Osmangazi Mahallesi,52,1+1,5,Merkezi (Pay Ölçer),Eþyalý,Daire,60,10,9,Evet,20000
Sancaktepe , Fatih Mahallesi,50,Stüdyo,2,Merkezi Doðalgaz,Eþyalý,Daire,60,10,9,Evet,16500
Sancaktepe , Emek Mahallesi,100,2+1,3,Kombi Doðalgaz,Eþyalý,Residence,126,15,4,Evet,29500
Sancaktepe , Emek Mahallesi,100,2+1,3,Kombi Doðalgaz,Eþyalý,Daire,126,15,4,Evet,29500
Sancaktepe , Abdurrahmangazi Mahallesi,40,Stüdyo,0,Merkezi (Pay Ölçer),Eþyalý,Daire,50,10,11,Evet,16000
Sancaktepe , Fatih Mahallesi,108,3+1,3,Kombi Doðalgaz,Eþyalý,Daire,115,25,7,Evet,20000
Sancaktepe , Osmangazi Mahallesi,55,1+1,1,Kombi Doðalgaz,Eþyalý,Daire,77,10,10,Evet,16999
Sancaktepe , Fatih Mahallesi,120,3+1,4,Kombi Doðalgaz,Eþyalý,Daire,135,25,7,Evet,30000
Sancaktepe , Osmangazi Mahallesi,90,2+1,5,Merkezi (Pay Ölçer),Eþyalý,Daire,120,1,8,Evet,22000
Sancaktepe , Sarýgazi Mahallesi,55,1+1,0,Kombi Doðalgaz,Eþyalý,Daire,66,10,4,Hayýr,19500
Sancaktepe , Sarýgazi Mahallesi,60,1+1,3,Kombi Doðalgaz,Eþyalý,Daire,80,10,4,Hayýr,13500
Sancaktepe , Akpýnar Mahallesi,100,3+1,1,Kombi Doðalgaz,Eþyalý,Daire,120,25,4,Hayýr,12000
Sancaktepe , Emek Mahallesi,80,2+1,-1,Kombi Doðalgaz,Eþyalý,Daire,100,10,4,Hayýr,15000
Sancaktepe , Kemal Türkler Mahallesi,70,1+1,0,Kombi Doðalgaz,Eþyalý,Hayýr,Daire,75,15,4,16500
Çekmeköy , Merkez Mahallesi,100,3+1,1,Kombi Doðalgaz,Boþ,Daire,135,25,5,Evet,22500
Çekmeköy , Sultançifiði Mahallesi,250,5+1,8,Kombi Doðalgaz,Boþ,Daire,300,20,8,Evet,32000
Çekmeköy , Cumhuriyet Mahallesi,80,2+1,0,Merkezi (Pay Ölçer),Boþ,Daire,90,10,7,Evet,18000
Çekmeköy , Merkez Mahallesi,150,3+1,2,Merkezi (Pay Ölçer),Boþ,Daire,197,15,4,Evet,78000
Çekmeköy , Merkez Mahallesi,150,3+1,4,Merkezi (Pay Ölçer),Boþ,Daire,197,15,4,Evet,76000
Çekmeköy , Sultançifiði Mahallesi,123,3+1,1,Kombi Doðalgaz,Boþ,Daire,146,20,8,Evet,24000
Çekmeköy , Mehmet Akif Mahallesi,97,2+1,13,Yerden Isýtma,Boþ,Daire,150,0,14,Evet,50000
Çekmeköy , Mehmet Akif Mahallesi,121,3+1,13,Yerden Isýtma,Boþ,Daire,189,0,14,Evet,60000
Çekmeköy , Mimar Sinan Mahallesi,115,3+1,3,Kombi Doðalgaz,Boþ,Daire,125,25,5,Evet,25000
Çekmeköy , Cumhuriyet Mahallesi,170,4+1,11,Merkezi (Pay Ölçer),Boþ,Daire,200,4,11,Evet,43000
Çekmeköy , Mimar Sinan Mahallesi,100,3+1,2,Kombi Doðalgaz,Boþ,Daire,125,25,7,Evet,25900
Çekmeköy , Niþantepe Mahallesi,97,3+1,4,Kombi Doðalgaz,Boþ,Daire,115,2,5,Evet,45000
Çekmeköy , Mehmet Akif Mahallesi,110,2+1,11,Yerden Isýtma,Boþ,Daire,150,0,15,Evet,45000
Çekmeköy , Mehmet Akif Mahallesi,110,2+1,13,Yerden Isýtma,Boþ,Daire,150,0,15,Evet,42000
Çekmeköy , Alemdað Mahallesi,45,1+1,0,Merkezi (Pay Ölçer),Boþ,Daire,60,10,5,Evet,20000
Çekmeköy , Taþdelen Mahallesi,90,2+1,10,Kombi Doðalgaz,Boþ,Daire,105,15,10,Evet,18000
Çekmeköy , Mehmet Akif Mahallesi,65,2+1,1,Kombi Doðalgaz,Boþ,Daire,75,15,4,Hayýr,17000
Çekmeköy , Merkez Mahallesi,90,2+1,1,Kombi Doðalgaz,Boþ,Daire,105,20,4,Hayýr,21500
Çekmeköy , Güngören Mahallesi,55,1+1,1,Kombi Doðalgaz,Boþ,Daire,60,10,4,Hayýr,14000
Çekmeköy , Çamlýk Mahallesi,70,1+1,4,Kombi Doðalgaz,Boþ,Daire,90,15,5,Hayýr,12500
Çekmeköy , Merkez Mahallesi,85,2+1,2,Kombi Doðalgaz,Hayýr,Daire,95,15,3,Boþ,20000
Çekmeköy , Mehmet Akif Mahallesi,90,2+1,3,Kombi Doðalgaz,Boþ,Daire,120,10,5,Hayýr,16000
Çekmeköy , Mehmet Akif Mahallesi,70,2+1,0,Kombi Doðalgaz,Boþ,Daire,75,10,5,Hayýr,13500
Çekmeköy , Mehmet Akif Mahallesi,70,2+1,0,Kombi Doðalgaz,Boþ,Daire,75,10,5,Hayýr,13500
Çekmeköy , Mehmet Akif Mahallesi,70,2+1,0,Kombi Doðalgaz,Boþ,Daire,85,15,4,Hayýr,15000
Çekmeköy , Taþdelen Mahallesi,55,2+1,0,Kombi Doðalgaz,Boþ,Daire,68,10,4,Hayýr,11000
Çekmeköy , Soðukpýnar Mahallesi,90,2+1,0,Kombi Doðalgaz,Boþ,Daire,100,25,2,Hayýr,10500
Çekmeköy , Hamidiye Mahallesi,100,2+1,4,Kombi Doðalgaz,Boþ,Daire,120,15,5,Hayýr,16000
Çekmeköy , Merkez Mahallesi,60,2+0,0,Kombi Doðalgaz,Boþ,Daire,70,20,2,Hayýr,14000
Çekmeköy , Merkez Mahallesi,80,2+1,2,Kombi Doðalgaz,Boþ,Daire,90,10,5,Hayýr,20000
Çekmeköy , Taþdelen Mahallesi,150,4+1,3,Kombi Doðalgaz,Boþ,Daire,170,15,3,Hayýr,21000
Çekmeköy , Hamidiye Mahallesi,60,1+1,0,Kombi Doðalgaz,Boþ,Daire,70,10,4,Hayýr,13000
Çekmeköy , Mehmet Akif Mahallesi,70,1+1,1,Kombi Doðalgaz,Boþ,Daire,80,10,5,Hayýr,13500
Çekmeköy , Mehmet Akif Mahallesi,90,2+1,4,Kombi Doðalgaz,Boþ,Daire,115,25,4,Hayýr,17500
Çekmeköy , Sultançifiði Mahallesi,110,3+1,7,Kombi Doðalgaz,Boþ,Daire,115,0,10,Hayýr,24000
Çekmeköy , Merkez Mahallesi,115,3+2,3,Kombi Doðalgaz,Boþ,Daire,150,10,3,Hayýr,23000
Çekmeköy , Mehmet Akif Mahallesi,90,2+1,2,Kombi Doðalgaz,Boþ,Daire,110,15,4,Hayýr,18000
Çekmeköy , Merkez Mahallesi,170,3+2,4,Kombi Doðalgaz,Boþ,Daire,200,0,5,Hayýr,30000
Çekmeköy , Çatalmeþe Mahallesi,80,2+1,5,Kombi Doðalgaz,Boþ,Daire,90,4,5,Hayýr,14700
Çekmeköy , Mimar Sinan Mahallesi,90,2+1,0,Kombi Doðalgaz,Boþ,Daire,105,15,3,Hayýr,15500
Çekmeköy , Aydýnlar Mahallesi,90,2+1,2,Kombi Doðalgaz,Boþ,Daire,100,20,3,Hayýr,13000
Çekmeköy , Çatalmeþe Mahallesi,105,3+1,4,Kombi Doðalgaz,Boþ,Daire,120,2,5,Hayýr,18000
Çekmeköy , Aydýnlar Mahallesi,120,3+1,4,Kombi Doðalgaz,Boþ,Daire,140,15,4,Hayýr,14000
Çekmeköy , Mehmet Akif Mahallesi,70,2+1,3,Kombi Doðalgaz,Boþ,Daire,80,20,3,Hayýr,18000
Çekmeköy , Mehmet Akif Mahallesi,90,2+1,3,Kombi Doðalgaz,Boþ,Daire,100,10,4,Hayýr,20000
Çekmeköy , Sultançifiði Mahallesi,110,3+1,3,Kombi Doðalgaz,Boþ,Daire,130,0,12,Hayýr,15000
Çekmeköy , Taþdelen Mahallesi,90,2+1,9,Kombi Doðalgaz,Boþ,Daire,100,10,10,Hayýr,17000
Çekmeköy , Taþdelen Mahallesi,60,1+1,6,Kombi Doðalgaz,Boþ,Daire,70,10,10,Hayýr,14000
Çekmeköy , Kirazlýdere Mahallesi,75,2+1,1,Kombi Doðalgaz,Boþ,Daire,95,10,8,Hayýr,13000
Çekmeköy , Merkez Mahallesi,400,6+1,4,Villa,440,1,Kombi Doðalgaz,Eþyalý,Evet,320000
Çekmeköy , Sultançifiði Mahallesi,40,1+1,6,Merkezi (Pay Ölçer),Eþyalý,Daire,55,10,8,Evet,20000
Çekmeköy , Taþdelen Mahallesi,80,2+1,-1,Kombi Doðalgaz,Eþyalý,Daire,90,4,6,Evet,16500
Çekmeköy , Mimar Sinan Mahallesi,90,2+1,0,Kombi Doðalgaz,Eþyalý,Daire,110,25,5,Evet,20000
Çekmeköy , Niþantepe Mahallesi,170,3+1,3,Yerden Isýtma,Eþyalý,Daire,260,3,3,Evet,65000
Çekmeköy , Mehmet Akif Mahallesi,80,2+1,4,Kombi Doðalgaz,Eþyalý,Hayýr,Daire,90,10,5,26000
Çekmeköy , Mehmet Akif Mahallesi,110,2+1,2,Kombi Doðalgaz,Daire,120,2,5,Eþyalý,Hayýr,22500
Çekmeköy , Kirazlýdere Mahallesi,30,Stüdyo,2,Kombi Doðalgaz,Eþyalý,Daire,45,10,7,Hayýr,15000
Çekmeköy , Sultançifiði Mahallesi,110,2+1,2,Kombi Doðalgaz,Eþyalý,Daire,120,25,2,Hayýr,22000
Çekmeköy , Kirazlýdere Mahallesi,36,Stüdyo,3,Merkezi (Pay Ölçer),Eþyalý,Daire,45,1,7,Hayýr,15000
Çekmeköy , Kirazlýdere Mahallesi,37,1 Oda,2,Merkezi (Pay Ölçer),Eþyalý,Daire,58,10,7,Hayýr,15000
Çekmeköy , Kirazlýdere Mahallesi,45,1+1,2,Merkezi (Pay Ölçer),Hayýr,Daire,60,10,7,Eþyalý,18000
Çekmeköy , Kirazlýdere Mahallesi,38,Stüdyo,2,Merkezi (Pay Ölçer),Eþyalý,Residence,59,1,7,Hayýr,15000
Çekmeköy , Kirazlýdere Mahallesi,45,1+1,5,Merkezi (Pay Ölçer),Eþyalý,Daire,67,0,7,Hayýr,18000
Çekmeköy , Kirazlýdere Mahallesi,38,Stüdyo,4,Merkezi (Pay Ölçer),Eþyalý,Daire,45,10,7,Hayýr,15000
Çekmeköy , Sultançifiði Mahallesi,80,2+1,0,Kombi Doðalgaz,Eþyalý,Daire,95,15,6,Hayýr,23000
Çekmeköy , Mehmet Akif Mahallesi,50,1+1,3,Kombi Doðalgaz,Eþyalý,Daire,65,20,3,Hayýr,15000
Çekmeköy , Alemdað Mahallesi,90,2+1,3,Kombi Doðalgaz,Eþyalý,Daire,100,15,5,Hayýr,21000
Çekmeköy , Çatalmeþe Mahallesi,70,2+1,4,Kombi Doðalgaz,Eþyalý,Daire,80,4,4,Hayýr,16000
Beþiktaþ , Nisbetiye Mahallesi,350,4+1,16,Merkezi (Pay Ölçer),Evet,Residence,450,10,22,Boþ,300000
Beþiktaþ , Nisbetiye Mahallesi,300,35+1,26,Merkezi (Pay Ölçer),Boþ,Residence,360,0,44,Evet,350000
Beþiktaþ , Nisbetiye Mahallesi,250,4+1,28,Merkezi (Pay Ölçer),Boþ,Residence,350,0,44,Evet,350000
Beþiktaþ , Nisbetiye Mahallesi,250,5+1,30,Merkezi (Pay Ölçer),Boþ,Residence,346,0,44,Evet,285000
Beþiktaþ , Viþnezade Mahallesi,500,5+1,7,Merkezi Doðalgaz,Boþ,Daire,550,10,8,Evet,550000
Beþiktaþ , Viþnezade Mahallesi,420,45+1,8,Merkezi (Pay Ölçer),Boþ,Residence,475,10,8,Evet,550000
Beþiktaþ , Nisbetiye Mahallesi,252,4+1,30,Merkezi (Pay Ölçer),Boþ,Residence,349,0,30,Evet,290000
Beþiktaþ , Nisbetiye Mahallesi,250,45+1,16,Merkezi (Pay Ölçer),Boþ,Residence,346,0,44,Evet,285000
Beþiktaþ , Nisbetiye Mahallesi,250,4+1,36,Merkezi (Pay Ölçer),Boþ,Residence,349,0,44,Evet,285000
Beþiktaþ , Nisbetiye Mahallesi,250,45+1,21,Merkezi (Pay Ölçer),Evet,Residence,345,0,44,Boþ,325000
Beþiktaþ , Nisbetiye Mahallesi,159,2+1,30,VRV,Boþ,Residence,221,0,30,Evet,280000
Beþiktaþ , Nisbetiye Mahallesi,252,4+1,40+,VRV,Boþ,Residence,349,0,45,Evet,350000
Beþiktaþ , Nisbetiye Mahallesi,175,3+1,40+,Merkezi (Pay Ölçer),Evet,Residence,242,0,45,Boþ,320000
Beþiktaþ , Nisbetiye Mahallesi,251,45+1,30,Merkezi (Pay Ölçer),Boþ,Residence,346,0,30,Evet,350000
Beþiktaþ , Nisbetiye Mahallesi,159,2+1,40+,Fancoil Ünitesi,Evet,Residence,221,0,45,Boþ,325000
Beþiktaþ , Levazým Mahallesi,175,3+1,10,Merkezi (Pay Ölçer),Boþ,Residence,220,10,21,Evet,280000
Beþiktaþ , Nisbetiye Mahallesi,250,5+1,22,Merkezi (Pay Ölçer),Boþ,Residence,346,0,45,Evet,310000
Beþiktaþ , Nisbetiye Mahallesi,260,45+1,18,Merkezi (Pay Ölçer),Boþ,Residence,349,0,45,Evet,290000
Beþiktaþ , Nisbetiye Mahallesi,275,5+1,40+,Merkezi (Pay Ölçer),Evet,Residence,355,0,45,Boþ,350000
Beþiktaþ , Nisbetiye Mahallesi,450,6+1,34,Merkezi (Pay Ölçer),Boþ,Daire,578,0,45,Evet,520000
Beþiktaþ , Nisbetiye Mahallesi,500,7+1,30,Merkezi (Pay Ölçer),Boþ,Residence,600,0,45,Evet,600000
Beþiktaþ , Nisbetiye Mahallesi,176,3+1,23,Merkezi (Pay Ölçer),Boþ,Residence,242,0,33,Evet,240000
Beþiktaþ , Nisbetiye Mahallesi,300,45+1,30,Merkezi (Pay Ölçer),Boþ,Residence,349,0,30,Evet,290000
Beþiktaþ , Nisbetiye Mahallesi,502,6+1,30,Merkezi (Pay Ölçer),Boþ,Residence,571,0,45,Evet,520000
Beþiktaþ , Nisbetiye Mahallesi,525,5+1,30,Merkezi (Pay Ölçer),Boþ,Residence,567,0,30,Evet,290000
Beþiktaþ , Nisbetiye Mahallesi,176,3+1,20,Merkezi (Pay Ölçer),Evet,Residence,242,0,45,Boþ,230000
Beþiktaþ , Ulus Mahallesi,230,35+1,4,Merkezi Doðalgaz,Boþ,Evet,Daire,250,0,5,140000
Beþiktaþ , Dikilitaþ Mahallesi,90,1+1,24,Merkezi Doðalgaz,Evet,Residence,100,10,35,Boþ,60000
Beþiktaþ , Cihannüma Mahallesi,55,1+1,1,Isýtma Yok,Boþ,Daire,60,25,4,Hayýr,14900
Beþiktaþ , Mecidiye Mahallesi,95,2+1,3,Kombi Doðalgaz,Boþ,Daire,110,25,5,Hayýr,25000
Beþiktaþ , Türkali Mahallesi,80,2+1,0,Kombi Doðalgaz,Boþ,Daire,85,25,4,Hayýr,17000
Beþiktaþ , Nisbetiye Mahallesi,149,3+1,2,Merkezi Doðalgaz,Boþ,Daire,165,25,6,Hayýr,70000
Beþiktaþ , Gayrettepe Mahallesi,83,2+1,1,Kombi Doðalgaz,Boþ,Daire,97,25,5,Hayýr,28000
Beþiktaþ , Dikilitaþ Mahallesi,80,2+1,0,Kombi Doðalgaz,Boþ,Daire,90,25,5,Hayýr,23000
Beþiktaþ , Ortaköy Mahallesi,90,2+1,4,Kombi Doðalgaz,Boþ,Daire,110,10,4,Hayýr,50000
Beþiktaþ , Türkali Mahallesi,85,3+1,6,Kombi Doðalgaz,Boþ,Daire,95,25,6,Hayýr,25000
Beþiktaþ , Türkali Mahallesi,45,Stüdyo,3,Klimalý,Boþ,Daire,50,25,3,Hayýr,8000
Beþiktaþ , Türkali Mahallesi,85,2+1,1,Kombi Doðalgaz,Boþ,Daire,90,25,5,Hayýr,22500
Beþiktaþ , Türkali Mahallesi,75,2+1,2,Kombi Doðalgaz,Boþ,Daire,85,25,5,Hayýr,25000
Beþiktaþ , Balmumcu Mahallesi,110,3+1,3,Merkezi Doðalgaz,Boþ,Daire,115,25,4,Hayýr,45000
Beþiktaþ , Abbasaða Mahallesi,35,1+1,-1,Kombi Doðalgaz,Boþ,Daire,45,25,5,Hayýr,12750
Beþiktaþ , Abbasaða Mahallesi,180,4+1,6,Kombi Doðalgaz,Boþ,Daire,200,3,7,Hayýr,70000
Beþiktaþ , Gayrettepe Mahallesi,85,3+1,4,Kombi Doðalgaz,Hayýr,Daire,100,15,6,Boþ,31000
Beþiktaþ , Türkali Mahallesi,30,Stüdyo,4,Kombi Doðalgaz,Boþ,Daire,40,20,4,Hayýr,16000
Beþiktaþ , Etiler Mahallesi,48,2+1,0,Merkezi (Pay Ölçer),Boþ,Daire,55,25,4,Hayýr,18000
Beþiktaþ , Dikilitaþ Mahallesi,110,3+1,5,Merkezi Doðalgaz,Boþ,Daire,120,25,6,Hayýr,30000
Beþiktaþ , Dikilitaþ Mahallesi,110,2+1,0,Merkezi Doðalgaz,Hayýr,Daire,120,0,6,Boþ,46000
Beþiktaþ , Abbasaða Mahallesi,60,2+1,4,Kombi Doðalgaz,Boþ,Daire,70,25,6,Hayýr,26000
Beþiktaþ , Abbasaða Mahallesi,50,2+1,0,Kombi Doðalgaz,Boþ,Daire,55,25,5,Hayýr,21000
Beþiktaþ , Levazým Mahallesi,95,3+1,7,Merkezi Doðalgaz,Boþ,Daire,110,25,9,Hayýr,36000
Beþiktaþ , Bebek Mahallesi,160,3+1,0,Merkezi Doðalgaz,Hayýr,Daire,180,25,2,Boþ,220000
Beþiktaþ , Gayrettepe Mahallesi,70,2+1,-1,Kombi Doðalgaz,Boþ,Daire,80,0,5,Hayýr,45000
Beþiktaþ , Bebek Mahallesi,100,3+1,1,Merkezi (Pay Ölçer),Hayýr,Daire,120,25,6,Boþ,60000
Beþiktaþ , Abbasaða Mahallesi,100,2+1,0,Kombi Doðalgaz,Boþ,Daire,120,25,5,Hayýr,25000
Beþiktaþ , Ortaköy Mahallesi,90,2+1,3,Kombi Doðalgaz,Boþ,Hayýr,Daire,100,25,3,25000
Beþiktaþ , Akat Mahallesi,86,3+1,0,Merkezi (Pay Ölçer),Boþ,Daire,101,0,14,Hayýr,75000
Beþiktaþ , Yýldýz Mahallesi,76,2+1,4,Kombi Doðalgaz,Boþ,Daire,80,25,5,Hayýr,32000
Beþiktaþ , Akat Mahallesi,70,2+1,0,Merkezi (Pay Ölçer),Hayýr,Daire,80,0,5,Boþ,50000
Beþiktaþ , Mecidiye Mahallesi,85,2+1,2,Merkezi Doðalgaz,Boþ,Daire,90,15,5,Hayýr,22000
Beþiktaþ , Nisbetiye Mahallesi,480,7+1,30,VRV,Boþ,Residence,600,0,30,Hayýr,600000
Beþiktaþ , Viþnezade Mahallesi,405,35+1,11,Merkezi (Pay Ölçer),Boþ,Residence,410,10,14,Hayýr,200000
Beþiktaþ , Nisbetiye Mahallesi,430,7+2,16,Merkezi (Pay Ölçer),Boþ,Residence,570,0,45,Hayýr,520000
Beþiktaþ , Bebek Mahallesi,180,3+1,2,Merkezi Doðalgaz,Boþ,Daire,200,25,3,Hayýr,79000
Beþiktaþ , Viþnezade Mahallesi,185,2+1,4,Merkezi (Pay Ölçer),Boþ,Residence,232,10,16,Hayýr,88000
Beþiktaþ , Gayrettepe Mahallesi,220,4+1,8,Merkezi Doðalgaz,Boþ,Daire,230,25,10,Hayýr,100000
Beþiktaþ , Yýldýz Mahallesi,76,1+1,4,Yerden Isýtma,Eþyalý,Daire,80,0,7,Evet,79500
Beþiktaþ , Konaklar Mahallesi,120,3+1,0,Merkezi Doðalgaz,Eþyalý,Daire,130,25,5,Evet,44000
Beþiktaþ , Ulus Mahallesi,200,3+1,5,Kombi Doðalgaz,Eþyalý,Daire,230,25,5,Evet,300000
Beþiktaþ , Ulus Mahallesi,100,2+1,3,Merkezi Doðalgaz,Eþyalý,Daire,120,25,3,Evet,110000
Beþiktaþ , Viþnezade Mahallesi,315,3+1,30,Merkezi (Pay Ölçer),Evet,Residence,365,25,30,Eþyalý,435000
Beþiktaþ , Viþnezade Mahallesi,120,1+1,4,Yerden Isýtma,Eþyalý,Residence,141,20,14,Evet,100000
Beþiktaþ , Gayrettepe Mahallesi,125,3+1,8,Merkezi (Pay Ölçer),Eþyalý,Residence,156,15,22,Evet,98000
Beþiktaþ , Nisbetiye Mahallesi,250,3+1,28,Merkezi (Pay Ölçer),Eþyalý,Residence,300,0,44,Evet,280000
Beþiktaþ , Türkali Mahallesi,90,2+1,3,Kombi Doðalgaz,Eþyalý,Daire,105,3,8,Hayýr,27000
Beþiktaþ , Muradiye Mahallesi,70,2+1,3,Kombi Doðalgaz,Eþyalý,Daire,80,4,6,Hayýr,40000
Beþiktaþ , Mecidiye Mahallesi,34,Stüdyo,2,Kombi Doðalgaz,Eþyalý,Daire,45,20,3,Hayýr,19000
Beþiktaþ , Türkali Mahallesi,22,Stüdyo,1,Kombi Doðalgaz,Eþyalý,Daire,25,25,2,Hayýr,13500
Beþiktaþ , Türkali Mahallesi,35,Stüdyo,-1,Kombi Doðalgaz,Eþyalý,Daire,40,20,3,Hayýr,18000
Beþiktaþ , Nisbetiye Mahallesi,100,2+1,6,Merkezi Doðalgaz,Eþyalý,Daire,110,25,8,Hayýr,40000
Beþiktaþ , Türkali Mahallesi,65,2+1,0,Kombi Doðalgaz,Eþyalý,Daire,95,25,4,Hayýr,20000
Beþiktaþ , Akat Mahallesi,160,3+1,5,Merkezi Doðalgaz,Eþyalý,Daire,180,25,6,Hayýr,129000
Beþiktaþ , Türkali Mahallesi,70,2+1,4,Kombi Doðalgaz,Eþyalý,Daire,75,15,5,Hayýr,29500
Beþiktaþ , Cihannüma Mahallesi,82,2+1,0,Merkezi Doðalgaz,Eþyalý,Hayýr,Daire,87,25,5,22500
Beþiktaþ , Etiler Mahallesi,78,2+1,1,Kombi Doðalgaz,Eþyalý,Hayýr,Daire,85,25,3,26000
Beþiktaþ , Türkali Mahallesi,60,Stüdyo,0,Kombi Doðalgaz,Eþyalý,Daire,65,0,5,Hayýr,16000
Beþiktaþ , Ortaköy Mahallesi,35,1+1,5,Kombi Doðalgaz,Eþyalý,Daire,40,25,6,Hayýr,15000
Beþiktaþ , Mecidiye Mahallesi,110,2+1,2,Klimalý,Hayýr,Daire,115,25,3,Eþyalý,32250
Beþiktaþ , Bebek Mahallesi,85,1+1,2,Kombi Doðalgaz,Daire,95,25,4,Eþyalý,Hayýr,85000
Beþiktaþ , Türkali Mahallesi,110,3+1,4,Kombi Doðalgaz,Eþyalý,Daire,120,0,4,Hayýr,38000
Beþiktaþ , Türkali Mahallesi,70,1+1,3,Kombi Doðalgaz,Eþyalý,Daire,75,0,5,Hayýr,30000
Beþiktaþ , Ortaköy Mahallesi,40,Stüdyo,2,Kombi Doðalgaz,Eþyalý,Daire,45,20,3,Hayýr,21500
Beþiktaþ , Mecidiye Mahallesi,34,Stüdyo,2,Kombi Doðalgaz,Eþyalý,Daire,45,20,3,Hayýr,19000
Beþiktaþ , Levazým Mahallesi,190,2+1,4,Merkezi (Pay Ölçer),Eþyalý,Daire,200,4,22,Hayýr,275000
Beþiktaþ , Türkali Mahallesi,40,1+1,2,Kombi Doðalgaz,Eþyalý,Daire,44,0,4,Hayýr,40000
Beþiktaþ , Konaklar Mahallesi,60,1+1,2,Kombi Doðalgaz,Eþyalý,Daire,70,25,4,Hayýr,26500
Beþiktaþ , Arnavutköy Mahallesi,50,1+1,0,Kombi Doðalgaz,Eþyalý,Daire,60,25,4,Hayýr,32000
Beþiktaþ , Arnavutköy Mahallesi,55,2+1,2,Kombi Doðalgaz,Eþyalý,Daire,70,20,3,Hayýr,50000
Beþiktaþ , Dikilitaþ Mahallesi,85,2+1,4,Kombi Doðalgaz,Eþyalý,Daire,90,25,5,Hayýr,32000
Beþiktaþ , Yýldýz Mahallesi,60,1+1,3,Merkezi Doðalgaz,Eþyalý,Daire,65,15,5,Hayýr,28000
Beþiktaþ , Ortaköy Mahallesi,35,Stüdyo,2,Kombi Doðalgaz,Eþyalý,Daire,40,15,2,Hayýr,16000
Beþiktaþ , Türkali Mahallesi,30,Stüdyo,5,Kombi Doðalgaz,Eþyalý,Daire,35,20,5,Hayýr,20000
Beþiktaþ , Türkali Mahallesi,40,Stüdyo,-1,Kombi Doðalgaz,Eþyalý,Daire,50,15,5,Hayýr,18000
Beþiktaþ , Mecidiye Mahallesi,40,1+1,3,Kombi Doðalgaz,Eþyalý,Daire,50,20,3,Hayýr,30000
Beþiktaþ , Ortaköy Mahallesi,35,Stüdyo,2,Kombi Doðalgaz,Eþyalý,Daire,40,20,3,Hayýr,20000
Beþiktaþ , Ortaköy Mahallesi,30,Stüdyo,2,Merkezi Doðalgaz,Eþyalý,Daire,45,25,3,Hayýr,20000
Beþiktaþ , Mecidiye Mahallesi,50,1+1,1,Kombi Doðalgaz,Eþyalý,Daire,55,20,4,Hayýr,21000
Beþiktaþ , Türkali Mahallesi,35,Stüdyo,2,Kombi Doðalgaz,Eþyalý,Daire,40,25,3,Hayýr,15000
Beþiktaþ , Ortaköy Mahallesi,30,Stüdyo,1,Kombi Doðalgaz,Eþyalý,Daire,35,20,2,Hayýr,17000
Beþiktaþ , Mecidiye Mahallesi,45,1+1,3,Kombi Doðalgaz,Eþyalý,Daire,55,20,3,Hayýr,27000
Beþiktaþ , Ortaköy Mahallesi,140,3+1,1,Merkezi Doðalgaz,Hayýr,Daire,160,25,6,Eþyalý,54500
Beþiktaþ , Ortaköy Mahallesi,35,Stüdyo,2,Kombi Doðalgaz,Eþyalý,Daire,40,15,2,Hayýr,17000
Beþiktaþ , Türkali Mahallesi,30,Stüdyo,2,Kombi Doðalgaz,Eþyalý,Daire,35,20,5,Hayýr,23000
Beþiktaþ , Dikilitaþ Mahallesi,150,3+1,4,Kombi Doðalgaz,Eþyalý,Daire,170,1,6,Hayýr,47500
Beþiktaþ , Ulus Mahallesi,85,2+1,3,Kombi Doðalgaz,Eþyalý,Daire,90,20,5,Hayýr,35000
Beþiktaþ , Ulus Mahallesi,80,2+1,0,Kombi Doðalgaz,Eþyalý,Daire,100,15,5,Hayýr,30000
Beþiktaþ , Yýldýz Mahallesi,70,2+1,3,Kombi Doðalgaz,Eþyalý,Daire,75,25,3,Hayýr,33000
Beþiktaþ , Türkali Mahallesi,30,Stüdyo,5,Kombi Doðalgaz,Eþyalý,Daire,35,20,6,Hayýr,20000
Beþiktaþ , Konaklar Mahallesi,75,2+1,0,Kombi Doðalgaz,Hayýr,Daire,90,25,2,Eþyalý,32000
Beþiktaþ , Akat Mahallesi,75,2+1,0,Merkezi Doðalgaz,Eþyalý,Daire,85,25,6,Hayýr,40000
Beþiktaþ , Ulus Mahallesi,102,3+1,2,Merkezi (Pay Ölçer),Hayýr,Daire,115,15,5,Eþyalý,47500
Beþiktaþ , Türkali Mahallesi,30,Stüdyo,5,Kombi Doðalgaz,Eþyalý,Daire,35,20,5,Hayýr,20000
Beþiktaþ , Türkali Mahallesi,28,Stüdyo,2,Kombi Doðalgaz,Eþyalý,Daire,32,20,5,Hayýr,22000
Beþiktaþ , Arnavutköy Mahallesi,60,1+1,1,Kombi Doðalgaz,Hayýr,Daire,75,25,2,Eþyalý,38000
Beþiktaþ , Cihannüma Mahallesi,70,2+1,3,Kombi Doðalgaz,Eþyalý,Daire,80,25,4,Hayýr,33000
Beþiktaþ , Türkali Mahallesi,17,Stüdyo,-1,Sobalý,Eþyalý,Daire,20,25,6,Hayýr,11000
Beþiktaþ , Bebek Mahallesi,45,1+1,-2,Kombi Doðalgaz,Hayýr,Daire,75,20,4,Eþyalý,38000
Beþiktaþ , Cihannüma Mahallesi,65,1+1,0,Kombi Doðalgaz,Eþyalý,Daire,75,25,4,Hayýr,35000
Beþiktaþ , Konaklar Mahallesi,60,2+1,2,Kombi Doðalgaz,Eþyalý,Residence,85,4,15,Hayýr,36000
Beþiktaþ , Ortaköy Mahallesi,80,25+1,1,Kombi Doðalgaz,Eþyalý,Daire,90,25,4,Hayýr,33000
Beþiktaþ , Abbasaða Mahallesi,65,1+1,3,Kombi Doðalgaz,Eþyalý,Hayýr,Daire,70,25,4,22000
Beþiktaþ , Yýldýz Mahallesi,50,1+1,3,Merkezi Doðalgaz,Eþyalý,Daire,65,15,5,Hayýr,28000
Beþiktaþ , Akat Mahallesi,220,4+1,6,Merkezi Doðalgaz,Eþyalý,Daire,250,25,10,Hayýr,225000
Beþiktaþ , Gayrettepe Mahallesi,75,2+1,0,Kombi Doðalgaz,Eþyalý,Daire,100,10,5,Hayýr,40000
Beþiktaþ , Arnavutköy Mahallesi,45,1+1,2,Kombi Doðalgaz,Hayýr,Daire,65,25,3,Eþyalý,38000
Beþiktaþ , Gayrettepe Mahallesi,62,1+1,4,VRV,Eþyalý,Residence,65,10,10,Hayýr,45000
Beþiktaþ , Ortaköy Mahallesi,90,2+1,0,Kombi Doðalgaz,Eþyalý,Daire,100,25,4,Hayýr,25000
Beþiktaþ , Gayrettepe Mahallesi,80,2+1,5,Kombi Doðalgaz,Eþyalý,Daire,90,15,6,Hayýr,32500
Beþiktaþ , Gayrettepe Mahallesi,50,1+1,3,Kombi Doðalgaz,Eþyalý,Daire,60,15,6,Hayýr,27500
Beþiktaþ , Gayrettepe Mahallesi,130,2+1,5,VRV,Eþyalý,Residence,135,10,10,Hayýr,70000
Beþiktaþ , Yýldýz Mahallesi,55,2+1,2,Kombi Doðalgaz,Eþyalý,Daire,60,25,4,Hayýr,35000
Beþiktaþ , Nisbetiye Mahallesi,250,4+1,30,Merkezi (Pay Ölçer),Eþyalý,Residence,300,0,30,Hayýr,300000
Beþiktaþ , Nisbetiye Mahallesi,80,2+1,2,Merkezi (Pay Ölçer),Eþyalý,Daire,90,25,5,Hayýr,55000
Beþiktaþ , Dikilitaþ Mahallesi,50,1 Oda,-1,Kombi Doðalgaz,Eþyalý,Daire,60,4,6,Hayýr,27000
Beþiktaþ , Gayrettepe Mahallesi,65,1+1,3,Merkezi Doðalgaz,Eþyalý,Residence,75,10,14,Hayýr,65000
Beþiktaþ , Gayrettepe Mahallesi,115,2+1,7,Merkezi Doðalgaz,Eþyalý,Residence,135,10,13,Hayýr,90000
Beþiktaþ , Bebek Mahallesi,135,3+1,4,Kombi Doðalgaz,Eþyalý,Daire,145,25,7,Hayýr,110000
Beþiktaþ , Etiler Mahallesi,100,3+1,4,Merkezi Doðalgaz,Hayýr,Daire,120,25,7,Eþyalý,110000
Beþiktaþ , Akat Mahallesi,200,4+1,8,Merkezi Doðalgaz,Eþyalý,Daire,240,25,11,Hayýr,225000
Beþiktaþ , Gayrettepe Mahallesi,85,2+1,3,Kombi Doðalgaz,Eþyalý,Residence,100,10,5,Hayýr,39000
Beþiktaþ , Ulus Mahallesi,230,4+1,3,Merkezi Doðalgaz,Eþyalý,Daire,250,25,4,Hayýr,180000
Kadýköy , Bostancý Mahallesi,140,4+1,10,Kombi Doðalgaz,Boþ,Residence,180,15,13,Evet,80000
Kadýköy , Bostancý Mahallesi,140,4+1,10,Kombi Doðalgaz,Boþ,Daire,180,15,13,Evet,80000
Kadýköy , Dumlupýnar Mahallesi,67,2+1,18,Merkezi (Pay Ölçer),Boþ,Residence,98,2,24,Evet,33000
Kadýköy , Dumlupýnar Mahallesi,87,2+1,15,Merkezi (Pay Ölçer),Boþ,Residence,140,2,19,Evet,39000
Kadýköy , Dumlupýnar Mahallesi,57,15+1,9,Merkezi (Pay Ölçer),Boþ,Daire,65,2,19,Evet,30000
Kadýköy , Bostancý Mahallesi,95,2+1,8,Kombi Doðalgaz,Boþ,Daire,105,15,8,Evet,50000
Kadýköy , Bostancý Mahallesi,90,2+1,8,Kombi Doðalgaz,Boþ,Residence,105,15,8,Evet,50000
Kadýköy , Fikirtepe Mahallesi,98,3+1,18,Merkezi (Pay Ölçer),Boþ,Daire,136,4,24,Evet,47000
Kadýköy , Dumlupýnar Mahallesi,57,1+1,13,Merkezi (Pay Ölçer),Boþ,Residence,90,2,19,Evet,28000
Kadýköy , Suadiye Mahallesi,250,4+1,3,Merkezi (Pay Ölçer),Boþ,Evet,Daire,280,20,4,125000
Kadýköy , Dumlupýnar Mahallesi,67,2+1,5,Merkezi (Pay Ölçer),Boþ,Residence,90,2,21,Evet,33000
Kadýköy , Merdivenköy Mahallesi,80,2+1,6,Merkezi (Pay Ölçer),Boþ,Daire,105,4,24,Evet,33000
Kadýköy , Eðitim Mahallesi,80,3+1,4,Merkezi (Pay Ölçer),Boþ,Daire,90,25,8,Evet,26000
Kadýköy , Dumlupýnar Mahallesi,67,2+1,6,Merkezi (Pay Ölçer),Boþ,Residence,98,2,21,Evet,33000
Kadýköy , Fikirtepe Mahallesi,46,1+1,7,Merkezi (Pay Ölçer),Boþ,Residence,72,2,24,Evet,26000
Kadýköy , Erenköy Mahallesi,135,3+1,1,Merkezi (Pay Ölçer),Boþ,Residence,155,10,20,Evet,75000
Kadýköy , Fikirtepe Mahallesi,46,1+1,4,Merkezi (Pay Ölçer),Boþ,Daire,72,2,24,Evet,25000
Kadýköy , Göztepe Mahallesi,150,3+1,39,Yerden Isýtma,Evet,Daire,223,10,44,Boþ,145000
Kadýköy , Suadiye Mahallesi,168,4+1,2,Kombi Doðalgaz,Hayýr,Daire,220,4,15,Boþ,120000
Kadýköy , Fenerbahçe Mahallesi,50,2+1,0,Kombi Doðalgaz,Boþ,Daire,70,10,6,Hayýr,48000
Kadýköy , Fenerbahçe Mahallesi,120,3+1,8,Merkezi Doðalgaz,Hayýr,Daire,150,25,9,Boþ,42000
Kadýköy , Erenköy Mahallesi,165,4+1,1,Merkezi (Pay Ölçer),Boþ,Daire,185,25,13,Hayýr,62500
Kadýköy , Erenköy Mahallesi,90,3+1,4,Merkezi (Pay Ölçer),Boþ,Daire,110,0,14,Hayýr,51000
Kadýköy , Göztepe Mahallesi,75,2+1,6,Kombi Doðalgaz,Boþ,Daire,100,10,7,Hayýr,55000
Kadýköy , Hasanpaþa Mahallesi,76,2+1,0,Kombi Doðalgaz,Boþ,Daire,90,25,4,Hayýr,20000
Kadýköy , Caferaða Mahallesi,95,3+1,5,Kombi Doðalgaz,Boþ,Daire,115,25,5,Hayýr,35000
Kadýköy , Caferaða Mahallesi,135,3+1,1,Merkezi Doðalgaz,Boþ,Daire,160,25,5,Hayýr,54000
Kadýköy , Erenköy Mahallesi,90,3+1,7,Kombi Doðalgaz,Boþ,Daire,110,10,8,Hayýr,58000
Kadýköy , Suadiye Mahallesi,80,2+1,-1,Kombi Doðalgaz,Boþ,Hayýr,Daire,90,25,3,26500
Kadýköy , Göztepe Mahallesi,115,3+1,4,Kombi Doðalgaz,Boþ,Daire,130,25,6,Hayýr,32000
Kadýköy , Suadiye Mahallesi,240,5+2,12,Merkezi (Pay Ölçer),Boþ,Daire,290,4,12,Hayýr,165000
Kadýköy , Zühtüpaþa Mahallesi,100,3+1,10,Merkezi Doðalgaz,Boþ,Daire,125,25,11,Hayýr,32000
Kadýköy , Kozyataðý Mahallesi,70,2+1,6,Kombi Doðalgaz,Boþ,Daire,85,1,8,Hayýr,47500
Kadýköy , Koþuyolu Mahallesi,85,2+1,0,Merkezi Doðalgaz,Hayýr,Daire,90,25,5,Boþ,25500
Kadýköy , Osmanaða Mahallesi,70,2+1,6,Kombi Doðalgaz,Boþ,Daire,90,25,6,Hayýr,20500
Kadýköy , Göztepe Mahallesi,175,4+1,2,Merkezi (Pay Ölçer),Hayýr,Daire,230,25,15,Boþ,120000
Kadýköy , Suadiye Mahallesi,100,3+1,7,Kombi Doðalgaz,Boþ,Daire,135,25,8,Hayýr,43000
Kadýköy , Merdivenköy Mahallesi,100,2+1,2,Kombi Doðalgaz,Hayýr,Daire,135,25,5,Boþ,30000
Kadýköy , Merdivenköy Mahallesi,100,2+1,2,Kombi Doðalgaz,Hayýr,Daire,135,25,5,Boþ,25000
Kadýköy , Kozyataðý Mahallesi,55,2+1,7,Kombi Doðalgaz,Boþ,Daire,65,1,8,Hayýr,40000
Kadýköy , Rasimpaþa Mahallesi,25,Stüdyo,1,Isýtma Yok,Boþ,Daire,35,25,5,Hayýr,11000
Kadýköy , Caddebostan Mahallesi,200,4+1,2,Yerden Isýtma,Daire,250,3,4,Boþ,Hayýr,250000
Kadýköy , 19 Mayýs Mahallesi,90,3+1,5,Klimalý,Boþ,Daire,100,25,7,Hayýr,30000
Kadýköy , Suadiye Mahallesi,100,3+1,2,Merkezi Doðalgaz,Boþ,Daire,135,25,4,Hayýr,27000
Kadýköy , Suadiye Mahallesi,125,3+1,6,Kombi Doðalgaz,Boþ,Hayýr,Daire,140,25,6,60000
Kadýköy , Suadiye Mahallesi,120,3+1,3,Merkezi (Pay Ölçer),Boþ,Daire,160,0,12,Hayýr,78000
Kadýköy , Acýbadem Mahallesi,60,1+1,3,Kombi Doðalgaz,Boþ,Daire,75,25,3,Hayýr,17500
Kadýköy , Bostancý Mahallesi,125,3+1,9,Kombi Doðalgaz,Boþ,Daire,137,25,12,Hayýr,27000
Kadýköy , Kozyataðý Mahallesi,100,3+1,2,Merkezi Doðalgaz,Boþ,Daire,120,25,5,Hayýr,32500
Kadýköy , Acýbadem Mahallesi,200,4+1,4,Kombi Doðalgaz,Boþ,Daire,236,0,4,Hayýr,105000
Kadýköy , Merdivenköy Mahallesi,100,3+1,4,Kombi Doðalgaz,Boþ,Daire,120,25,5,Hayýr,25000
Kadýköy , Göztepe Mahallesi,80,2+1,1,Yerden Isýtma,Boþ,Daire,100,10,7,Hayýr,45000
Kadýköy , Koþuyolu Mahallesi,57,1+1,-1,Kombi Doðalgaz,Boþ,Daire,70,25,5,Hayýr,20500
Kadýköy , Caddebostan Mahallesi,200,5+1,5,Kombi Doðalgaz,Boþ,Daire,260,15,5,Hayýr,148500
Kadýköy , Fenerbahçe Mahallesi,160,4+1,3,Kat Kaloriferi,Boþ,Daire,200,0,3,Hayýr,125000
Kadýköy , Feneryolu Mahallesi,140,3+1,2,Merkezi Doðalgaz,Boþ,Daire,170,25,4,Hayýr,29000
Kadýköy , Caddebostan Mahallesi,170,4+1,4,Merkezi Doðalgaz,Hayýr,Daire,210,25,10,Boþ,80000
Kadýköy , Koþuyolu Mahallesi,95,3+1,3,Merkezi Doðalgaz,Hayýr,Daire,125,25,4,Boþ,33000
Kadýköy , Suadiye Mahallesi,200,4+1,2,Kombi Doðalgaz,Boþ,Daire,230,25,3,Hayýr,155000
Kadýköy , Fenerbahçe Mahallesi,185,4+1,1,Merkezi (Pay Ölçer),Boþ,Daire,225,25,4,Hayýr,225000
Kadýköy , Zühtüpaþa Mahallesi,28,1+1,0,Kombi Doðalgaz,Hayýr,Daire,30,15,3,Boþ,25000
Kadýköy , Rasimpaþa Mahallesi,85,2+1,2,Kombi Doðalgaz,Boþ,Daire,95,20,5,Hayýr,25000
Kadýköy , Acýbadem Mahallesi,95,3+1,1,Kombi Doðalgaz,Boþ,Daire,115,25,5,Hayýr,27000
Kadýköy , Caddebostan Mahallesi,112,3+1,3,Kombi Doðalgaz,Hayýr,Daire,145,10,9,Boþ,70000
Kadýköy , Merdivenköy Mahallesi,65,1+1,Bodrum Kat,Kombi Doðalgaz,Boþ,Daire,80,20,6,Hayýr,15000
Kadýköy , Göztepe Mahallesi,45,1+1,11,Merkezi (Pay Ölçer),Eþyalý,Daire,60,10,14,Evet,47000
Kadýköy , Dumlupýnar Mahallesi,35,1+1,11,Merkezi (Pay Ölçer),Eþyalý,Residence,50,2,24,Evet,26000
Kadýköy , Dumlupýnar Mahallesi,35,1+1,4,Merkezi (Pay Ölçer),Eþyalý,Residence,45,2,24,Evet,25500
Kadýköy , Dumlupýnar Mahallesi,35,1+1,16,Merkezi (Pay Ölçer),Eþyalý,Residence,45,2,24,Evet,25500
Kadýköy , Göztepe Mahallesi,76,1+1,30,Merkezi (Pay Ölçer),Eþyalý,Daire,117,10,30,Evet,69500
Kadýköy , Bostancý Mahallesi,135,3+1,6,Kombi Doðalgaz,Eþyalý,Daire,150,25,10,Hayýr,45000
Kadýköy , Bostancý Mahallesi,95,3+1,4,Kombi Doðalgaz,Hayýr,Daire,110,1,4,Eþyalý,55490
Kadýköy , Acýbadem Mahallesi,80,2+1,1,Kombi Doðalgaz,Eþyalý,Daire,110,10,4,Hayýr,30000
Kadýköy , Acýbadem Mahallesi,70,1+1,0,Kombi Doðalgaz,Eþyalý,Daire,100,25,5,Hayýr,38000
Kadýköy , Caddebostan Mahallesi,80,3+1,3,Kombi Doðalgaz,Eþyalý,Daire,105,25,9,Hayýr,62500
Kadýköy , Fenerbahçe Mahallesi,50,2+1,0,Kombi Doðalgaz,Eþyalý,Daire,70,10,6,Hayýr,60000
Kadýköy , Kozyataðý Mahallesi,110,3+1,4,Merkezi Doðalgaz,Eþyalý,Daire,140,25,7,Hayýr,45000
Kadýköy , Osmanaða Mahallesi,33,Stüdyo,1,Klimalý,Eþyalý,Daire,37,25,5,Hayýr,15000
Kadýköy , Osmanaða Mahallesi,28,Stüdyo,5,Klimalý,Eþyalý,Daire,32,25,5,Hayýr,14000
Kadýköy , Fenerbahçe Mahallesi,120,3+1,6,Kombi Doðalgaz,Eþyalý,Hayýr,Daire,140,10,7,150000
Kadýköy , Feneryolu Mahallesi,110,3+1,2,Kombi Doðalgaz,Hayýr,Daire,132,10,15,Eþyalý,58490
Kadýköy , Dumlupýnar Mahallesi,70,2+1,16,Kombi Doðalgaz,Hayýr,Daire,84,2,30,Eþyalý,43490
Kadýköy , Göztepe Mahallesi,90,3+1,10,Kombi Doðalgaz,Hayýr,Daire,118,2,15,Eþyalý,62590
Kadýköy , Fenerbahçe Mahallesi,110,3+1,11,Kombi Doðalgaz,Hayýr,Daire,120,2,15,Eþyalý,118990
Kadýköy , Feneryolu Mahallesi,55,1+1,10,Kombi Doðalgaz,Hayýr,Daire,65,2,15,Eþyalý,40340
Kadýköy , Göztepe Mahallesi,50,1+1,1,Kombi Doðalgaz,Eþyalý,Daire,60,10,10,Hayýr,48000
Kadýköy , Dumlupýnar Mahallesi,80,2+1,2,Kombi Doðalgaz,Hayýr,Daire,96,2,20,Eþyalý,42990
Kadýköy , Caddebostan Mahallesi,190,4+1,4,Merkezi Doðalgaz,Eþyalý,Daire,260,25,8,Hayýr,160000
Kadýköy , Suadiye Mahallesi,75,2+1,2,Kombi Doðalgaz,Hayýr,Daire,90,10,8,Eþyalý,57490
Kadýköy , 19 Mayýs Mahallesi,110,3+1,3,Kombi Doðalgaz,Eþyalý,Daire,132,25,6,Hayýr,30000
Kadýköy , Göztepe Mahallesi,140,4+1,6,Kombi Doðalgaz,Hayýr,Daire,168,15,20,Eþyalý,94490
Kadýköy , Göztepe Mahallesi,140,4+1,11,Kombi Doðalgaz,Hayýr,Daire,168,15,20,Eþyalý,96490
Kadýköy , Caddebostan Mahallesi,100,3+1,7,Kombi Doðalgaz,Hayýr,Daire,120,10,15,Eþyalý,88990
Kadýköy , 19 Mayýs Mahallesi,85,3+1,5,Merkezi Doðalgaz,Eþyalý,Daire,110,25,9,Hayýr,25000
Kadýköy , Merdivenköy Mahallesi,75,2+1,2,Kombi Doðalgaz,Daire,90,10,8,Eþyalý,Hayýr,47500
Kadýköy , Rasimpaþa Mahallesi,75,2+1,4,Kombi Doðalgaz,Eþyalý,Hayýr,Daire,80,25,5,35000
Kadýköy , Dumlupýnar Mahallesi,100,3+1,4,Merkezi Doðalgaz,Eþyalý,Daire,120,25,6,Hayýr,25000
Kadýköy , Rasimpaþa Mahallesi,72,2+1,5,Kombi Doðalgaz,Eþyalý,Daire,80,25,5,Hayýr,35000
Kadýköy , Dumlupýnar Mahallesi,100,3+1,0,Merkezi Doðalgaz,Eþyalý,Daire,120,25,7,Hayýr,30000
Kadýköy , Osmanaða Mahallesi,50,1+1,2,Kombi Doðalgaz,Eþyalý,Daire,55,2,4,Hayýr,35000
Kadýköy , Caferaða Mahallesi,120,3+1,3,Kombi Doðalgaz,Eþyalý,Daire,135,25,3,Hayýr,35000
Kadýköy , Osmanaða Mahallesi,65,1+1,3,Kombi Doðalgaz,Eþyalý,Daire,75,25,3,Hayýr,22000
Kadýköy , Göztepe Mahallesi,90,3+1,4,Kombi Doðalgaz,Hayýr,Daire,108,10,10,Eþyalý,67490
Kadýköy , Caferaða Mahallesi,100,2+1,2,Kombi Doðalgaz,Eþyalý,Daire,120,25,7,Hayýr,35000
Kadýköy , Fikirtepe Mahallesi,50,1+1,18,Merkezi (Pay Ölçer),Eþyalý,Residence,76,0,24,Hayýr,33500
Kadýköy , Osmanaða Mahallesi,40,Stüdyo,4,Kombi Doðalgaz,Eþyalý,Hayýr,Daire,45,25,5,16000
Kadýköy , Osmanaða Mahallesi,28,Stüdyo,2,Merkezi Doðalgaz,Eþyalý,Hayýr,Daire,35,25,6,17000
Kadýköy , Bostancý Mahallesi,110,3+1,5,Kombi Doðalgaz,Eþyalý,Daire,130,10,10,Hayýr,52000
Kadýköy , Rasimpaþa Mahallesi,80,2+1,3,Kombi Doðalgaz,Eþyalý,Daire,100,25,4,Hayýr,28000
Kadýköy , Bostancý Mahallesi,110,3+1,4,Merkezi (Pay Ölçer),Eþyalý,Daire,130,2,11,Hayýr,40000
Kadýköy , Dumlupýnar Mahallesi,100,3+1,4,Merkezi Doðalgaz,Eþyalý,Daire,120,25,6,Hayýr,25000
Kadýköy , Dumlupýnar Mahallesi,100,3+1,0,Merkezi Doðalgaz,Eþyalý,Daire,120,25,7,Hayýr,30000
Kadýköy , Sahrayý Cedit Mahallesi,85,2+1,6,Kombi Doðalgaz,Eþyalý,Daire,110,25,13,Hayýr,25000
Kadýköy , Caddebostan Mahallesi,100,3+1,1,Kombi Doðalgaz,Hayýr,Daire,120,4,10,Eþyalý,80990
Kadýköy , Osmanaða Mahallesi,40,1+1,5,Kombi Doðalgaz,Eþyalý,Hayýr,Daire,50,25,5,30000
Kadýköy , Acýbadem Mahallesi,135,3+1,3,Merkezi Doðalgaz,Eþyalý,Daire,155,15,5,Hayýr,70000
Kadýköy , Rasimpaþa Mahallesi,20,Stüdyo,2,Kombi Doðalgaz,Eþyalý,Hayýr,Daire,25,25,5,12500
Kadýköy , Osmanaða Mahallesi,30,Stüdyo,5,Kombi Doðalgaz,Daire,40,25,5,Eþyalý,Hayýr,25000
Kadýköy , Koþuyolu Mahallesi,140,5+1,Müstakil,Kombi Doðalgaz,Eþyalý,Hayýr,Daire,170,25,3,45000
Kadýköy , Erenköy Mahallesi,80,2+1,8,Merkezi (Pay Ölçer),Hayýr,Daire,115,1,15,Eþyalý,63990
Kadýköy , Caddebostan Mahallesi,118,3+1,1,Merkezi (Pay Ölçer),Hayýr,Daire,138,1,15,Eþyalý,68790
Kadýköy , Caddebostan Mahallesi,100,3+1,4,Merkezi Doðalgaz,Hayýr,Daire,120,3,6,Eþyalý,80990
Kadýköy , Fenerbahçe Mahallesi,100,3+1,5,Merkezi Doðalgaz,Hayýr,Daire,127,2,10,Eþyalý,79990
Kadýköy , Rasimpaþa Mahallesi,90,2+1,3,Kombi Doðalgaz,Eþyalý,Hayýr,Daire,91,25,4,35000
Kadýköy , Fenerbahçe Mahallesi,100,3+1,Bahçe Dublex,Kombi Doðalgaz,Hayýr,Daire,120,1,4,Eþyalý,79490
Kadýköy , Osmanaða Mahallesi,40,Stüdyo,4,Merkezi Doðalgaz,Eþyalý,Hayýr,Daire,45,25,5,17000
Kadýköy , Osmanaða Mahallesi,20,Stüdyo,4,Merkezi Doðalgaz,Eþyalý,Hayýr,Daire,28,25,5,17000
Kadýköy , Göztepe Mahallesi,120,3+1,7,Kombi Doðalgaz,Hayýr,Daire,144,10,15,Eþyalý,75530
Kadýköy , Fenerbahçe Mahallesi,95,3+1,5,Kombi Doðalgaz,Hayýr,Daire,114,10,8,Eþyalý,79490
Kadýköy , Fenerbahçe Mahallesi,90,3+1,9,Kombi Doðalgaz,Hayýr,Daire,108,1,15,Eþyalý,111590
Kadýköy , Osmanaða Mahallesi,32,Stüdyo,2,Merkezi Doðalgaz,Eþyalý,Hayýr,Daire,40,25,5,15000
Kadýköy , Osmanaða Mahallesi,45,1 Oda,4,Kombi Doðalgaz,Eþyalý,Hayýr,Daire,55,25,6,17000
Kadýköy , Osmanaða Mahallesi,40,Stüdyo,5,Kombi Doðalgaz,Eþyalý,Hayýr,Daire,45,25,6,16100
Kadýköy , Osmanaða Mahallesi,32,Stüdyo,2,Merkezi Doðalgaz,Eþyalý,Hayýr,Daire,40,25,5,15000
Kadýköy , Caferaða Mahallesi,75,2+1,0,Merkezi Doðalgaz,Eþyalý,Daire,90,25,4,Hayýr,25500
Üsküdar , Küçüksu Mahallesi,135,3+1,3,Kombi Doðalgaz,Eþyalý,Evet,Daire,145,25,5,32000
Üsküdar , Mimar Sinan Mahallesi,70,2+1,0,Kombi Doðalgaz,Boþ,Daire,75,0,4,Hayýr,30000
Üsküdar , Valide,70,2+1,0,Kombi Doðalgaz,Daire,80,25,4,Boþ,Hayýr,15000
Üsküdar , Bahçelievler Mahallesi,110,3+1,3,Merkezi Doðalgaz,Boþ,Daire,135,25,5,Evet,32000
Baþakþehir , Kayabaþý Mahallesi,65,2+1,8,Merkezi (Pay Ölçer),Eþyalý,Hayýr,Daire,69,15,8,16000
Üsküdar , Mimar Sinan Mahallesi,70,2+1,0,Kombi Doðalgaz,Boþ,Hayýr,Daire,75,0,4,22000
Baþakþehir , Baþak Mahallesi,90,2+1,2,Merkezi Doðalgaz,Eþyalý,Daire,120,10,13,Evet,25000
Baþakþehir , Baþakþehir Mahallesi,85,2+1,3,Kombi Doðalgaz,Eþyalý,Daire,87,15,10,Hayýr,23000
Üsküdar , Ünalan Mahallesi,100,3+1,6,Merkezi Doðalgaz,Eþyalý,Daire,120,25,7,Hayýr,45000
Üsküdar , Valide,90,2+1,2,Kombi Doðalgaz,Boþ,Hayýr,Daire,100,25,4,17000
Üsküdar , Salacak Mahallesi,100,2+1,4,Kombi Doðalgaz,Eþyalý,Daire,110,25,4,Hayýr,42000
Üsküdar , Selimiye Mahallesi,100,2+1,4,Kombi Doðalgaz,Boþ,Daire,110,0,5,Hayýr,45000
Üsküdar , Cumhuriyet Mahallesi,120,3+1,3,Merkezi (Pay Ölçer),Boþ,Daire,125,25,4,Hayýr,15500
Üsküdar , Aziz Mahmut Hüdayi Mahallesi,110,3+1,0,Kombi Doðalgaz,Boþ,Daire,120,0,5,Hayýr,30000
Baþakþehir , Baþak Mahallesi,65,2+1,11,Kombi Doðalgaz,Eþyalý,Daire,75,25,11,Evet,17500
Baþakþehir , Bahçeþehir 2 Kýsým Mahallesi,60,1+1,5,Merkezi (Pay Ölçer),Eþyalý,Daire,70,0,15,Evet,17000
Üsküdar , Murat Reis Mahallesi,55,1+1,4,Doðalgaz Sobalý,Boþ,Daire,70,25,4,Hayýr,15000
Baþakþehir , Ziya Gökalp Mahallesi,70,1+1,20,Merkezi (Pay Ölçer),Eþyalý,Daire,83,10,25,Evet,20000
Üsküdar , Selami Ali Mahallesi,130,3+1,4,Kombi Doðalgaz,Eþyalý,Daire,140,25,4,Hayýr,26500
Baþakþehir , Bahçeþehir 2 Kýsým Mahallesi,50,1+1,9,Merkezi (Pay Ölçer),Eþyalý,Daire,60,10,15,Evet,17000
Üsküdar , Kuzguncuk Mahallesi,50,1+1,1,Kombi Doðalgaz,Eþyalý,Daire,55,15,3,Hayýr,30000
Üsküdar , Cumhuriyet Mahallesi,120,3+1,2,Merkezi (Pay Ölçer),Boþ,Daire,140,20,8,Evet,28000
Baþakþehir , Bahçeþehir 2 Kýsým Mahallesi,70,1+1,19,Merkezi (Pay Ölçer),Eþyalý,Daire,80,10,30,Evet,13000
Üsküdar , Selami Ali Mahallesi,130,3+1,4,Kombi Doðalgaz,Eþyalý,Daire,140,25,4,Hayýr,26500
Baþakþehir , Güvercintepe Mahallesi,80,2+1,0,Kombi Doðalgaz,Boþ,Daire,90,0,5,Hayýr,11000
Üsküdar , Valide,65,2+1,5,Kombi Doðalgaz,Boþ,Daire,70,25,5,Hayýr,14000
Baþakþehir , Ziya Gökalp Mahallesi,220,4+1,7,Kombi Doðalgaz,Boþ,Evet,Daire,285,4,18,35000
Baþakþehir , Güvercintepe Mahallesi,50,2+1,0,Kombi Doðalgaz,Boþ,Daire,60,0,4,Hayýr,9000
Baþakþehir , Bahçeþehir 2 Kýsým Mahallesi,100,2+1,20,Merkezi (Pay Ölçer),Evet,Daire,136,3,27,Boþ,25000
Baþakþehir , Güvercintepe Mahallesi,100,2+1,0,Kombi Doðalgaz,Hayýr,Daire,110,20,4,Boþ,9500
Baþakþehir , Kayabaþý Mahallesi,136,3+1,3,Merkezi (Pay Ölçer),Eþyalý,Daire,176,10,29,Hayýr,40000
Üsküdar , Salacak Mahallesi,77,2+1,3,Kombi Doðalgaz,Boþ,Daire,93,20,4,Hayýr,25750
Baþakþehir , Güvercintepe Mahallesi,180,5+2,4,Kombi Doðalgaz,Boþ,Daire,220,0,5,Hayýr,24000
Üsküdar , Salacak Mahallesi,100,2+1,4,Kombi Doðalgaz,Eþyalý,Daire,110,25,4,Hayýr,42000
Baþakþehir , Bahçeþehir 2 Kýsým Mahallesi,60,1+1,5,Merkezi (Pay Ölçer),Boþ,Daire,75,3,17,Evet,12000
Üsküdar , Acýbadem Mahallesi,115,35+1,33,Merkezi (Pay Ölçer),Daire,145,15,36,Boþ,Evet,90000
Üsküdar , Selami Ali Mahallesi,130,3+1,3,Kombi Doðalgaz,Eþyalý,Daire,140,10,4,Hayýr,51000
Baþakþehir , Kayabaþý Mahallesi,135,3+1,3,Merkezi (Pay Ölçer),Eþyalý,Daire,170,10,19,Hayýr,50000
Üsküdar , Salacak Mahallesi,100,2+1,4,Kombi Doðalgaz,Eþyalý,Daire,110,25,4,Hayýr,42000
Baþakþehir , Güvercintepe Mahallesi,90,2+1,1,Kombi Doðalgaz,Boþ,Daire,100,3,4,Hayýr,15000
Üsküdar , Bahçelievler Mahallesi,85,2+1,2,Kombi Doðalgaz,Hayýr,Daire,100,4,5,Boþ,36000
Baþakþehir , Altýnþehir Mahallesi,190,4+2,5,Kombi Doðalgaz,Boþ,Daire,200,10,5,Hayýr,18000
Üsküdar , Barbaros Mahallesi,100,3+1,0,Kombi Doðalgaz,Eþyalý,Daire,110,25,4,Hayýr,46000
Baþakþehir , Güvercintepe Mahallesi,90,2+1,1,Kombi Doðalgaz,Boþ,Daire,100,4,3,Hayýr,13000
Üsküdar , Mimar Sinan Mahallesi,85,2+1,0,Kombi Doðalgaz,Boþ,Hayýr,Daire,90,0,5,30000
Üsküdar , Acýbadem Mahallesi,85,25+1,5,Merkezi (Pay Ölçer),Eþyalý,Daire,121,15,30,Evet,85000
Baþakþehir , Güvercintepe Mahallesi,60,1+1,0,Kombi Doðalgaz,Boþ,Daire,80,10,4,Hayýr,9500
Baþakþehir , Kayabaþý Mahallesi,90,2+1,5,Merkezi (Pay Ölçer),Eþyalý,Daire,117,4,8,Evet,33000
Üsküdar , Ahmediye Mahallesi,200,4+1,4,Kombi Doðalgaz,Eþyalý,Hayýr,Daire,215,10,4,65000
Üsküdar , Kirazlýtepe Mahallesi,170,3+2,4,Kombi Doðalgaz,Boþ,Daire,225,25,4,Hayýr,22000
Üsküdar , Selami Ali Mahallesi,140,3+1,3,Kombi Doðalgaz,Eþyalý,Daire,150,10,5,Hayýr,50000
Baþakþehir , Baþakþehir Mahallesi,69,2+1,3,Yerden Isýtma,Boþ,Hayýr,Daire,107,0,7,27500
Üsküdar , Acýbadem Mahallesi,100,3+1,2,Kombi Doðalgaz,Boþ,Daire,110,10,5,Hayýr,55000
Baþakþehir , Güvercintepe Mahallesi,90,2+1,2,Kombi Doðalgaz,Boþ,Daire,100,4,3,Hayýr,14000
Üsküdar , Sultantepe Mahallesi,190,4+1,5,Kombi Doðalgaz,Eþyalý,Hayýr,Daire,220,25,5,75000
Baþakþehir , Güvercintepe Mahallesi,85,3+1,2,Kombi Doðalgaz,Boþ,Daire,90,10,4,Hayýr,16000
Baþakþehir , Bahçeþehir 1 Kýsým Mahallesi,145,3+1,11,Merkezi (Pay Ölçer),Boþ,Daire,163,10,11,Hayýr,20000
Baþakþehir , Altýnþehir Mahallesi,80,2+1,0,Kombi Doðalgaz,Boþ,Daire,85,2,4,Hayýr,12000
Üsküdar , Bulgurlu Mahallesi,30,Stüdyo,2,Kombi Doðalgaz,Eþyalý,Hayýr,Daire,35,25,5,8500
Üsküdar , Valide,80,2+1,0,Kombi Doðalgaz,Boþ,Hayýr,Daire,90,25,4,19000
Baþakþehir , Altýnþehir Mahallesi,75,2+1,0,Kombi Doðalgaz,Boþ,Daire,80,10,3,Hayýr,10000
Üsküdar , Mehmet Akif Ersoy Mahallesi,100,3+1,2,Kombi Doðalgaz,Hayýr,Daire,120,15,6,Boþ,25000
Baþakþehir , Ziya Gökalp Mahallesi,110,2+1,17,Merkezi (Pay Ölçer),Eþyalý,Daire,120,10,30,Hayýr,60000
Baþakþehir , Bahçeþehir 1 Kýsým Mahallesi,40,1+1,4,Kombi Doðalgaz,Boþ,Evet,Daire,60,0,15,17000
Üsküdar , Bulgurlu Mahallesi,80,1+1,2,Kombi Doðalgaz,Eþyalý,Daire,85,10,3,Hayýr,25000
Üsküdar , Ahmediye Mahallesi,200,4+1,4,Kombi Doðalgaz,Eþyalý,Hayýr,Daire,215,10,4,65000
Üsküdar , Mimar Sinan Mahallesi,90,2+1,3,Kombi Doðalgaz,Boþ,Hayýr,Daire,100,25,3,25000
Üsküdar , Salacak Mahallesi,80,2+1,0,Kombi Doðalgaz,Eþyalý,Daire,85,25,5,Hayýr,21000
Baþakþehir , Bahçeþehir 2 Kýsým Mahallesi,140,3+1,0,Kombi Doðalgaz,Boþ,Evet,Daire,150,25,9,17000
Üsküdar , Ünalan Mahallesi,90,3+1,0,Kombi Doðalgaz,Daire,100,10,4,Boþ,Hayýr,21000
Üsküdar , Zeynep Kamil Mahallesi,85,2+1,3,Kombi Doðalgaz,Boþ,Hayýr,Daire,90,25,3,19000
Baþakþehir , Bahçeþehir 2 Kýsým Mahallesi,85,2+1,4,Merkezi (Pay Ölçer),Eþyalý,Evet,Daire,100,4,20,25000
Üsküdar , Barbaros Mahallesi,120,3+1,9,Merkezi Doðalgaz,Hayýr,Daire,145,25,15,Eþyalý,42000
Üsküdar , Barbaros Mahallesi,100,3+1,4,Kombi Doðalgaz,Boþ,Daire,125,0,4,Hayýr,50000
Baþakþehir , Güvercintepe Mahallesi,80,2+1,1,Kombi Fueloil,Boþ,Daire,90,15,4,Evet,10500
Baþakþehir , Güvercintepe Mahallesi,110,3+1,3,Merkezi Doðalgaz,Boþ,Daire,125,1,5,Hayýr,17000
Üsküdar , Bahçelievler Mahallesi,108,2+1,0,Kombi Doðalgaz,Eþyalý,Daire,118,2,4,Evet,108000
Üsküdar , Ýcadiye Mahallesi,50,1+1,0,Kombi Doðalgaz,Boþ,Daire,55,25,4,Hayýr,14500
Baþakþehir , Bahçeþehir 2 Kýsým Mahallesi,80,2+1,2,Merkezi (Pay Ölçer),Boþ,Daire,95,0,13,Evet,17500
Baþakþehir , Baþakþehir Mahallesi,70,2+1,7,Merkezi (Pay Ölçer),Boþ,Evet,Daire,105,2,15,26000
Üsküdar , Selami Ali Mahallesi,140,3+1,3,Kombi Doðalgaz,Eþyalý,Hayýr,Daire,150,10,5,51000
Baþakþehir , Baþakþehir Mahallesi,55,1+1,11,Merkezi Doðalgaz,Eþyalý,Daire,75,0,23,Evet,17500
Baþakþehir , Baþak Mahallesi,85,2+1,3,Kombi Doðalgaz,Boþ,Daire,87,25,11,Evet,16000
Üsküdar , Zeynep Kamil Mahallesi,75,2+1,0,Kombi Doðalgaz,Boþ,Hayýr,Daire,85,25,4,17000
Baþakþehir , Kayabaþý Mahallesi,120,3+1,1,Merkezi (Pay Ölçer),Eþyalý,Hayýr,Daire,146,10,7,60000
Baþakþehir , Bahçeþehir 2 Kýsým Mahallesi,56,1+1,25,Merkezi (Pay Ölçer),Boþ,Daire,77,4,27,Evet,15000
Baþakþehir , Güvercintepe Mahallesi,100,3+1,3,Kombi Doðalgaz,Boþ,Daire,115,15,12,Evet,18000
Üsküdar , Murat Reis Mahallesi,60,2+1,1,Kombi Doðalgaz,Boþ,Daire,75,0,4,Hayýr,26000
Üsküdar , Barbaros Mahallesi,47,1+1,1,Merkezi (Pay Ölçer),Boþ,Daire,55,2,5,Evet,30000
Baþakþehir , Altýnþehir Mahallesi,90,2+1,0,Kombi Doðalgaz,Boþ,Daire,105,0,3,Hayýr,13000
Üsküdar , Kandilli Mahallesi,200,4+1,2,Kombi Doðalgaz,Boþ,Daire,220,20,5,Hayýr,80000
Baþakþehir , Baþakþehir Mahallesi,70,2+1,5,Yerden Isýtma,Boþ,Daire,100,0,8,Hayýr,23000
Üsküdar , Sultantepe Mahallesi,120,3+1,3,Kombi Doðalgaz,Boþ,Daire,130,15,3,Hayýr,28000
Baþakþehir , Ziya Gökalp Mahallesi,80,2+1,5,Yerden Isýtma,Boþ,Daire,102,0,8,Hayýr,23000
Baþakþehir , Kayabaþý Mahallesi,120,2+1,2,Merkezi (Pay Ölçer),Boþ,Evet,Daire,146,10,5,30000
Üsküdar , Cumhuriyet Mahallesi,85,3+1,1,Kombi Doðalgaz,Boþ,Daire,102,25,4,Evet,20000
Üsküdar , Murat Reis Mahallesi,100,2+1,2,Kombi Doðalgaz,Eþyalý,Hayýr,Daire,110,25,4,25000
Üsküdar , Mimar Sinan Mahallesi,80,2+1,3,Kombi Doðalgaz,Boþ,Hayýr,Daire,85,0,5,34000
Baþakþehir , Kayabaþý Mahallesi,120,3+1,3,Merkezi (Pay Ölçer),Boþ,Daire,125,15,10,Evet,27000
Üsküdar , Murat Reis Mahallesi,60,2+1,1,Kombi Doðalgaz,Boþ,Daire,75,0,4,Hayýr,26000
Baþakþehir , Baþakþehir Mahallesi,75,2+1,2,Kombi Doðalgaz,Boþ,Daire,85,25,10,Evet,20000
Baþakþehir , Baþakþehir Mahallesi,115,3+1,2,Merkezi (Pay Ölçer),Boþ,Daire,165,10,7,Evet,30000
Baþakþehir , Bahçeþehir 2 Kýsým Mahallesi,105,3+1,4,Merkezi (Pay Ölçer),Boþ,Daire,136,10,12,Evet,22500
Üsküdar , Murat Reis Mahallesi,100,2+1,2,Kombi Doðalgaz,Eþyalý,Hayýr,Daire,110,25,4,25000
Baþakþehir , Altýnþehir Mahallesi,210,5+2,3,Kombi Doðalgaz,Boþ,Daire,225,0,4,Hayýr,20000
Baþakþehir , Kayabaþý Mahallesi,130,3+1,3,Merkezi (Pay Ölçer),Eþyalý,Evet,Daire,170,10,19,40000
Üsküdar , Mimar Sinan Mahallesi,55,2+1,0,Kombi Doðalgaz,Boþ,Daire,65,0,4,Hayýr,25000
Baþakþehir , Altýnþehir Mahallesi,120,3+1,0,Kombi Doðalgaz,Boþ,Daire,130,0,4,Hayýr,12000
Baþakþehir , Kayabaþý Mahallesi,60,2+1,4,Merkezi (Pay Ölçer),Eþyalý,Daire,69,10,8,Hayýr,16750
Baþakþehir , Baþakþehir Mahallesi,200,5+1,3,Merkezi (Pay Ölçer),Boþ,Daire,266,15,12,Evet,70000
Üsküdar , Mehmet Akif Ersoy Mahallesi,100,3+1,0,Kombi Doðalgaz,Boþ,Daire,115,20,5,Evet,27000
Üsküdar , Valide,90,2+1,1,Kombi Doðalgaz,Eþyalý,Daire,95,25,4,Hayýr,23000
Baþakþehir , Baþakþehir Mahallesi,50,1+1,3,Merkezi (Pay Ölçer),Boþ,Daire,65,2,12,Evet,17000
Üsküdar , Murat Reis Mahallesi,55,1+1,1,Kombi Doðalgaz,Eþyalý,Hayýr,Daire,65,25,4,27500
Baþakþehir , Ziya Gökalp Mahallesi,200,4+1,7,Merkezi (Pay Ölçer),Boþ,Daire,267,10,17,Evet,35000
Üsküdar , Acýbadem Mahallesi,190,4+2,4,Kombi Doðalgaz,Boþ,Daire,210,0,4,Hayýr,92000
Baþakþehir , Bahçeþehir 2 Kýsým Mahallesi,75,1+1,16,Merkezi (Pay Ölçer),Boþ,Daire,90,20,20,Evet,24900
Üsküdar , Murat Reis Mahallesi,55,2+1,0,Kombi Doðalgaz,Boþ,Daire,60,0,4,Hayýr,17900
Baþakþehir , Güvercintepe Mahallesi,65,2+1,0,Kombi Doðalgaz,Boþ,Daire,90,3,7,Hayýr,13900
Baþakþehir , Baþakþehir Mahallesi,250,5+1,11,Yerden Isýtma,Boþ,Daire,320,4,13,Evet,100000
Baþakþehir , Güvercintepe Mahallesi,80,2+1,0,Kombi Doðalgaz,Boþ,Daire,85,4,4,Hayýr,12000
Üsküdar , Güzeltepe Mahallesi,100,3+1,2,Kombi Doðalgaz,Hayýr,Daire,110,15,4,Boþ,22000
Baþakþehir , Güvercintepe Mahallesi,80,2+1,0,Kombi Doðalgaz,Boþ,Daire,85,4,4,Hayýr,12500
Baþakþehir , Güvercintepe Mahallesi,130,2+1,0,Doðalgaz Sobalý,Boþ,Daire,140,20,1,Hayýr,7500
Baþakþehir , Bahçeþehir 1 Kýsým Mahallesi,135,3+1,10,Merkezi (Pay Ölçer),Boþ,Daire,163,10,11,Evet,25000
Üsküdar , Barbaros Mahallesi,75,2+1,2,Kombi Doðalgaz,Boþ,Daire,90,25,5,Hayýr,15000
Baþakþehir , Bahçeþehir 1 Kýsým Mahallesi,130,35+1,11,Merkezi (Pay Ölçer),Boþ,Daire,170,1,16,Evet,37000
Baþakþehir , Baþakþehir Mahallesi,155,4+1,14,Merkezi (Pay Ölçer),Eþyalý,Daire,215,10,32,Evet,40000
Üsküdar , Mimar Sinan Mahallesi,75,2+1,0,Kombi Doðalgaz,Boþ,Hayýr,Daire,80,0,4,25000
Baþakþehir , Baþakþehir Mahallesi,200,5+1,3,Merkezi (Pay Ölçer),Boþ,Daire,266,15,11,Evet,69000
Baþakþehir , Güvercintepe Mahallesi,80,2+1,3,Kombi Doðalgaz,Boþ,Daire,85,15,3,Hayýr,12000
Üsküdar , Ünalan Mahallesi,95,2+1,3,Kombi Doðalgaz,Boþ,Daire,105,20,5,Hayýr,25500
Baþakþehir , Bahçeþehir 2 Kýsým Mahallesi,85,2+1,0,Kombi Doðalgaz,Boþ,Daire,95,20,5,Evet,13000
Üsküdar , Valide,40,15+1,0,Klimalý,Eþyalý,Hayýr,Daire,50,25,4,13000
Baþakþehir , Baþakþehir Mahallesi,180,4+1,1,Merkezi (Pay Ölçer),Boþ,Daire,215,10,14,Evet,42500
Üsküdar , Acýbadem Mahallesi,80,2+1,0,Kombi Doðalgaz,Boþ,Daire,95,0,4,Hayýr,53000
Üsküdar , Barbaros Mahallesi,115,3+1,1,Kombi Doðalgaz,Boþ,Daire,130,25,2,Hayýr,49500
Üsküdar , Küçüksu Mahallesi,75,2+1,0,Kombi Doðalgaz,Eþyalý,Hayýr,Daire,80,25,2,25000
Baþakþehir , Güvercintepe Mahallesi,70,2+1,9,Merkezi (Pay Ölçer),Boþ,Daire,75,15,10,Evet,15000
Üsküdar , Valide,90,2+1,1,Kombi Doðalgaz,Eþyalý,Daire,95,25,4,Hayýr,23000
Üsküdar , Ferah Mahallesi,81,2+1,0,Kombi Doðalgaz,Eþyalý,Daire,100,10,3,Hayýr,27500
Üsküdar , Acýbadem Mahallesi,95,3+1,2,Kombi Doðalgaz,Boþ,Daire,110,0,4,Hayýr,70000
Baþakþehir , Bahçeþehir 2 Kýsým Mahallesi,120,2+1,9,Merkezi (Pay Ölçer),Eþyalý,Daire,135,25,20,Evet,35000
Baþakþehir , Baþakþehir Mahallesi,120,3+1,1,Kombi Doðalgaz,Boþ,Daire,127,15,5,Evet,27500
Üsküdar , Mimar Sinan Mahallesi,75,2+1,-1,Yerden Isýtma,Boþ,Daire,80,0,5,Hayýr,22000
Üsküdar , Mimar Sinan Mahallesi,65,1+1,0,Kombi Doðalgaz,Boþ,Hayýr,Daire,70,0,4,24000
Baþakþehir , Kayabaþý Mahallesi,42,1+1,3,Merkezi (Pay Ölçer),Boþ,Daire,58,0,10,Evet,22500
Üsküdar , Salacak Mahallesi,75,2+1,0,Kombi Doðalgaz,Boþ,Hayýr,Daire,80,25,4,20000
Baþakþehir , Kayabaþý Mahallesi,42,1+1,3,Merkezi (Pay Ölçer),Boþ,Daire,58,0,10,Evet,22500
Baþakþehir , Bahçeþehir 2 Kýsým Mahallesi,100,3+1,8,Merkezi (Pay Ölçer),Boþ,Daire,120,0,11,Evet,24000
Üsküdar , Bahçelievler Mahallesi,160,3+2,5,Kombi Doðalgaz,Boþ,Daire,180,3,5,Hayýr,43750
Üsküdar , Zeynep Kamil Mahallesi,55,1+1,4,Kombi Doðalgaz,Boþ,Hayýr,Daire,60,10,4,21500
Üsküdar , Ýcadiye Mahallesi,70,2+1,3,Kombi Doðalgaz,Boþ,Daire,75,25,3,Hayýr,30000
Üsküdar , Valide,90,2+1,1,Kombi Doðalgaz,Eþyalý,Daire,95,25,4,Hayýr,23000
Baþakþehir , Baþakþehir Mahallesi,90,2+1,1,Merkezi (Pay Ölçer),Boþ,Daire,115,10,13,Evet,23000
Üsküdar , Ahmediye Mahallesi,150,4+1,4,Kombi Doðalgaz,Boþ,Daire,160,10,4,Hayýr,70000
Üsküdar , Bulgurlu Mahallesi,70,2+1,0,Kombi Doðalgaz,Hayýr,Daire,90,15,5,Eþyalý,35000
Baþakþehir , Bahçeþehir 2 Kýsým Mahallesi,210,5+1,5,Kombi Doðalgaz,Boþ,Daire,257,10,6,Evet,90000
Üsküdar , Valide,50,1+1,0,Kombi Doðalgaz,Boþ,Daire,65,25,4,Hayýr,15000
Baþakþehir , Kayabaþý Mahallesi,85,2+1,7,Merkezi (Pay Ölçer),Eþyalý,Daire,90,15,11,Evet,17000
Baþakþehir , Güvercintepe Mahallesi,60,2+1,12,Kombi Doðalgaz,Evet,Daire,75,15,13,Boþ,13000
Üsküdar , Barbaros Mahallesi,115,3+1,0,Kombi Doðalgaz,Boþ,Daire,120,0,5,Hayýr,50000
Baþakþehir , Baþakþehir Mahallesi,100,3+1,1,Kombi Doðalgaz,Boþ,Daire,127,15,5,Evet,27500
Üsküdar , Valide,90,25+1,1,Kombi Doðalgaz,Boþ,Hayýr,Daire,100,25,3,23000
Üsküdar , Ahmediye Mahallesi,55,1+1,2,Kombi Doðalgaz,Eþyalý,Daire,65,25,4,Hayýr,20000
Üsküdar , Ýcadiye Mahallesi,55,1+1,0,Kombi Doðalgaz,Boþ,Daire,60,0,4,Hayýr,25000
Üsküdar , Kýsýklý Mahallesi,60,2+1,0,Kombi Doðalgaz,Boþ,Daire,100,10,4,Hayýr,22000
Üsküdar , Ahmediye Mahallesi,55,1+1,2,Kombi Doðalgaz,Eþyalý,Daire,65,25,4,Hayýr,20000
Baþakþehir , Altýnþehir Mahallesi,180,4+2,4,Kombi Doðalgaz,Boþ,Daire,200,4,4,Hayýr,15000
Baþakþehir , Güvercintepe Mahallesi,70,2+1,13,Merkezi (Pay Ölçer),Eþyalý,Evet,Daire,80,20,13,2250000
Üsküdar , Mimar Sinan Mahallesi,90,2+1,0,Kombi Doðalgaz,Boþ,Hayýr,Daire,100,25,4,20000
Baþakþehir , Altýnþehir Mahallesi,80,2+1,0,Kombi Doðalgaz,Boþ,Daire,90,2,4,Hayýr,11000
Üsküdar , Cumhuriyet Mahallesi,70,2+1,1,Kombi Doðalgaz,Boþ,Daire,75,20,4,Hayýr,20000
Baþakþehir , Ziya Gökalp Mahallesi,96,2+1,6,Yerden Isýtma,Boþ,Daire,106,0,7,Hayýr,22000
Baþakþehir , Bahçeþehir 2 Kýsým Mahallesi,117,3+1,13,Merkezi (Pay Ölçer),Boþ,Daire,156,10,15,Evet,28000
Üsküdar , Valide,75,2+1,2,Kombi Doðalgaz,Boþ,Hayýr,Daire,80,25,4,20000
Baþakþehir , Altýnþehir Mahallesi,60,1+1,0,Kombi Doðalgaz,Daire,70,0,3,Boþ,Hayýr,10000
Üsküdar , Zeynep Kamil Mahallesi,75,2+1,1,Kombi Doðalgaz,Boþ,Hayýr,Daire,80,15,4,20000
Baþakþehir , Baþakþehir Mahallesi,115,3+1,3,Merkezi (Pay Ölçer),Boþ,Daire,125,20,10,Evet,25000
Üsküdar , Ferah Mahallesi,70,2+1,3,Kombi Doðalgaz,Hayýr,Daire,80,10,5,Boþ,25000
Baþakþehir , Baþakþehir Mahallesi,112,3+1,6,Merkezi Doðalgaz,Boþ,Daire,135,15,12,Evet,30000
Baþakþehir , Altýnþehir Mahallesi,85,1 Oda,0,Kombi Doðalgaz,Boþ,Daire,90,0,4,Hayýr,25000
Üsküdar , Ahmediye Mahallesi,55,1+1,2,Kombi Doðalgaz,Eþyalý,Daire,65,25,4,Hayýr,20000
Baþakþehir , Güvercintepe Mahallesi,80,2+1,0,Kombi Doðalgaz,Boþ,Daire,90,3,4,Hayýr,8000
Baþakþehir , Baþakþehir Mahallesi,112,3+1,6,Merkezi Doðalgaz,Boþ,Daire,135,15,12,Evet,30000
Üsküdar , Cumhuriyet Mahallesi,65,2+1,2,Kombi Doðalgaz,Boþ,Daire,75,0,4,Hayýr,25000
Baþakþehir , Güvercintepe Mahallesi,170,3+1,1,Merkezi Doðalgaz,Eþyalý,Evet,Daire,180,1,15,30000
Baþakþehir , Altýnþehir Mahallesi,80,2+1,0,Kombi Doðalgaz,Boþ,Daire,90,4,4,Hayýr,9000
Üsküdar , Kýsýklý Mahallesi,55,15+1,-2,Kombi Doðalgaz,Eþyalý,Daire,70,2,4,Hayýr,25000
Üsküdar , Valide,100,3+1,3,Kombi Doðalgaz,Boþ,Daire,120,25,5,Hayýr,22000
Baþakþehir , Altýnþehir Mahallesi,110,3+1,3,Kombi Doðalgaz,Boþ,Daire,123,0,4,Hayýr,15000
Baþakþehir , Bahçeþehir 2 Kýsým Mahallesi,145,3+1,1,Kombi Doðalgaz,Boþ,Daire,156,20,5,Evet,18000
Üsküdar , Küplüce Mahallesi,45,1+1,0,Kombi Doðalgaz,Hayýr,Daire,55,1,5,Boþ,20000
Üsküdar , Ahmediye Mahallesi,80,2+1,2,Kombi Doðalgaz,Boþ,Hayýr,Daire,85,25,4,20000
Baþakþehir , Kayabaþý Mahallesi,36,1+1,8,Merkezi (Pay Ölçer),Boþ,Daire,61,0,15,Evet,20000
Üsküdar , Acýbadem Mahallesi,75,2+1,0,Merkezi (Pay Ölçer),Boþ,Daire,88,25,4,Hayýr,28000
Üsküdar , Zeynep Kamil Mahallesi,75,2+1,2,Kombi Doðalgaz,Boþ,Daire,80,25,4,Hayýr,25000
Üsküdar , Güzeltepe Mahallesi,132,3+1,3,Kombi Doðalgaz,Boþ,Daire,165,0,5,Hayýr,50000
Baþakþehir , Kayabaþý Mahallesi,100,2+1,21,Merkezi (Pay Ölçer),Boþ,Daire,126,4,24,Evet,30000
Üsküdar , Mimar Sinan Mahallesi,75,2+1,0,Kombi Doðalgaz,Boþ,Hayýr,Daire,80,25,4,17000
Üsküdar , Çengelköy Mahallesi,80,2+1,0,Sobalý,Eþyalý,Hayýr,Daire,85,25,4,9900
Baþakþehir , Kayabaþý Mahallesi,85,2+1,13,Merkezi (Pay Ölçer),Eþyalý,Evet,Daire,90,20,13,18000
Üsküdar , Sultantepe Mahallesi,105,3+1,3,Kombi Doðalgaz,Boþ,Hayýr,Daire,120,25,5,23500
Baþakþehir , Altýnþehir Mahallesi,100,3+1,4,Kombi Doðalgaz,Boþ,Daire,115,10,4,Hayýr,13000
Üsküdar , Ahmediye Mahallesi,75,2+1,2,Kombi Doðalgaz,Boþ,Daire,80,25,3,Hayýr,18000
Baþakþehir , Kayabaþý Mahallesi,121,3+1,8,Merkezi (Pay Ölçer),Eþyalý,Daire,148,10,9,Evet,33500
Baþakþehir , Baþakþehir Mahallesi,49,1+1,2,Yerden Isýtma,Boþ,Daire,64,0,7,Hayýr,24000
Baþakþehir , Altýnþehir Mahallesi,180,4+2,4,Kombi Doðalgaz,Boþ,Daire,200,4,4,Hayýr,15000
Baþakþehir , Baþakþehir Mahallesi,80,2+1,6,Yerden Isýtma,Boþ,Daire,106,0,7,Hayýr,30000
Üsküdar , Mimar Sinan Mahallesi,70,2+1,3,Kombi Doðalgaz,Boþ,Daire,82,0,5,Hayýr,34000
Baþakþehir , Altýnþehir Mahallesi,55,1+1,0,Kombi Doðalgaz,Boþ,Daire,70,1,5,Hayýr,10000
Baþakþehir , Bahçeþehir 2 Kýsým Mahallesi,55,1+1,19,Merkezi (Pay Ölçer),Boþ,Daire,70,4,25,Evet,14000
Baþakþehir , Baþakþehir Mahallesi,49,1+1,2,Yerden Isýtma,Boþ,Daire,64,0,7,Hayýr,20000
Üsküdar , Yavuztürk Mahallesi,85,2+1,1,Kombi Doðalgaz,Hayýr,Daire,95,15,10,Boþ,22000
Baþakþehir , Ziya Gökalp Mahallesi,100,1 Oda,0,Sobalý,Boþ,Hayýr,Daire,110,15,4,15000
Üsküdar , Çengelköy Mahallesi,80,2+1,0,Sobalý,Eþyalý,Hayýr,Daire,85,25,4,9900
Baþakþehir , Bahçeþehir 2 Kýsým Mahallesi,150,3+1,1,Kombi Doðalgaz,Evet,Daire,160,20,3,Boþ,23000
Baþakþehir , Güvercintepe Mahallesi,75,1+1,0,Merkezi Fueloil,Boþ,Hayýr,Daire,80,2,4,10000
Üsküdar , Güzeltepe Mahallesi,110,3+1,2,Kombi Doðalgaz,Boþ,Daire,127,0,5,Hayýr,45000
Baþakþehir , Güvercintepe Mahallesi,175,3+2,5,Kombi Doðalgaz,Boþ,Daire,180,0,5,Hayýr,18000
Üsküdar , Acýbadem Mahallesi,50,1+1,0,Merkezi Doðalgaz,Boþ,Daire,65,25,7,Hayýr,12000
Üsküdar , Zeynep Kamil Mahallesi,90,3+1,4,Kombi Doðalgaz,Boþ,Hayýr,Daire,100,25,4,16000
Baþakþehir , Güvercintepe Mahallesi,85,2+1,0,Kombi Doðalgaz,Boþ,Daire,90,4,4,Hayýr,10000
Üsküdar , Güzeltepe Mahallesi,185,5+1,5,Kombi Doðalgaz,Boþ,Daire,220,0,5,Hayýr,55000
Üsküdar , Küçüksu Mahallesi,75,2+1,0,Kombi Doðalgaz,Eþyalý,Hayýr,Daire,80,25,2,25000
Üsküdar , Mimar Sinan Mahallesi,75,2+1,0,Kombi Doðalgaz,Boþ,Daire,80,25,5,Hayýr,13250
Baþakþehir , Kayabaþý Mahallesi,165,3+1,14,Merkezi (Pay Ölçer),Boþ,Daire,182,10,16,Evet,45000
Üsküdar , Mimar Sinan Mahallesi,85,2+1,0,Kombi Doðalgaz,Boþ,Daire,90,0,6,Hayýr,30000
Baþakþehir , Kayabaþý Mahallesi,75,2+1,3,Kombi Doðalgaz,Boþ,Evet,Daire,85,15,10,17500
Baþakþehir , Altýnþehir Mahallesi,130,4+2,4,Kombi Doðalgaz,Boþ,Daire,140,0,4,Hayýr,17000
Üsküdar , Kýsýklý Mahallesi,105,3+1,0,Kombi Doðalgaz,Eþyalý,Daire,128,15,3,Hayýr,27500
